country,fulltitle,country_OEL,continent,continent_OEL,panel#,continuityruns,continuityrunamount,continuitylength,continuityaveragelength,continuitymaxlength,continuityproportion,continuityruns%,continuityrunamount%,continuitylength%,continuityaveragelength%,continuitymaxlength%,continuityproportion%
Belgium/Flanders,Baxter - H2O,Belgium/Flanders,Europe,Europe,153,54,29,83,2.862068966,7,54.24836601,0.352941176,0.189542484,0.54248366,0.018706333,0.045751634,0.354564484
Belgium/Flanders,Bessy  - Ondergang in de grot,Belgium/Flanders,Europe,Europe,156,42,27,69,2.555555556,5,44.23076923,0.269230769,0.173076923,0.442307692,0.016381766,0.032051282,0.283530572
Belgium/Flanders,Bessy Natuurkommando - De nacht van de schildpad,Belgium/Flanders,Europe,Europe,153,38,26,64,2.461538462,5,41.83006536,0.248366013,0.169934641,0.418300654,0.016088487,0.032679739,0.27339912
Belgium/Flanders,Biebel - De Doos,Belgium/Flanders,Europe,Europe,151,63,32,95,2.96875,10,62.91390728,0.417218543,0.21192053,0.629139073,0.019660596,0.066225166,0.416648393
Belgium/Flanders,De avonturen van Johan en Stefan - De Zondebokken,Belgium/Flanders,Europe,Europe,149,45,29,74,2.551724138,6,49.66442953,0.302013423,0.194630872,0.496644295,0.017125665,0.040268456,0.333318319
Belgium/Flanders,De avonturen van Jommeke - De muzikale Bella,Belgium/Flanders,Europe,Europe,155,60,38,98,2.578947368,8,63.22580645,0.387096774,0.24516129,0.632258065,0.01663837,0.051612903,0.407908429
Belgium/Flanders,De avonturen van Nero en Co - De brief aan Nasser,Belgium/Flanders,Europe,Europe,158,50,29,79,2.724137931,6,50,0.316455696,0.183544304,0.5,0.017241379,0.037974684,0.316455696
Belgium/Flanders,De avonturen van Nero en Co - De hoorn des overvloeds,Belgium/Flanders,Europe,Europe,161,49,29,78,2.689655172,5,48.44720497,0.304347826,0.180124224,0.48447205,0.016705933,0.031055901,0.300914317
Belgium/Flanders,De Avonturen van Urbanus - Tegen de Dikkenekken,Belgium/Flanders,Europe,Europe,161,37,26,63,2.423076923,6,39.13043478,0.229813665,0.161490683,0.391304348,0.015050167,0.037267081,0.243046179
Belgium/Flanders,De Kiekeboes - Vluchtmisdrijf,Belgium/Flanders,Europe,Europe,151,52,29,81,2.793103448,6,53.64238411,0.344370861,0.19205298,0.536423841,0.018497374,0.039735099,0.355247577
Belgium/Flanders,"De Kriegels - Happy Halloween, Mister Zablowski",Belgium/Flanders,Europe,Europe,150,21,17,38,2.235294118,4,25.33333333,0.14,0.113333333,0.253333333,0.014901961,0.026666667,0.168888889
Belgium/Flanders,De Rode Ridder - Het gebroken zwaard,Belgium/Flanders,Europe,Europe,157,52,26,78,3,6,49.68152866,0.331210191,0.165605096,0.496815287,0.01910828,0.038216561,0.316442858
Belgium/Flanders,De rode ridder - Kerwyn de Magi.r,Belgium/Flanders,Europe,Europe,155,41,28,69,2.464285714,5,44.51612903,0.264516129,0.180645161,0.44516129,0.015898618,0.032258065,0.287200832
Belgium/Flanders,De Spookjes - Spoken en piraten,Belgium/Flanders,Europe,Europe,151,14,10,24,2.4,3,15.89403974,0.092715232,0.066225166,0.158940397,0.01589404,0.01986755,0.105258541
Belgium/Flanders,De Vrolijke Bengels,Belgium/Flanders,Europe,Europe,152,18,15,33,2.2,3,21.71052632,0.118421053,0.098684211,0.217105263,0.014473684,0.019736842,0.14283241
Belgium/Flanders,Detective Van Zwam - Het Geheim van Matsuoka,Belgium/Flanders,Europe,Europe,156,64,32,96,3,7,61.53846154,0.41025641,0.205128205,0.615384615,0.019230769,0.044871795,0.394477318
Belgium/Flanders,F.C. De Kampioenen - Miss Moeial,Belgium/Flanders,Europe,Europe,155,39,23,62,2.695652174,8,40,0.251612903,0.148387097,0.4,0.017391304,0.051612903,0.258064516
Belgium/Flanders,FC Schwalbe - Daar is 'm,Belgium/Flanders,Europe,Europe,151,50,27,77,2.851851852,6,50.99337748,0.331125828,0.178807947,0.509933775,0.018886436,0.039735099,0.337704487
Belgium/Flanders,Het Grote Kabouter Wesley Boek,Belgium/Flanders,Europe,Europe,168,55,23,78,3.391304348,10,46.42857143,0.327380952,0.136904762,0.464285714,0.020186335,0.05952381,0.276360544
Belgium/Flanders,Jan Zonder Vrees,Belgium/Flanders,Europe,Europe,151,37,20,57,2.85,6,37.74834437,0.245033113,0.132450331,0.377483444,0.018874172,0.039735099,0.249989036
Belgium/Flanders,Jerom - De bronzen kabouter,Belgium/Flanders,Europe,Europe,150,40,27,67,2.481481481,4,44.66666667,0.266666667,0.18,0.446666667,0.01654321,0.026666667,0.297777778
Belgium/Flanders,Jommeke - Het piepend bed,Belgium/Flanders,Europe,Europe,154,34,26,60,2.307692308,4,38.96103896,0.220779221,0.168831169,0.38961039,0.014985015,0.025974026,0.252993759
Belgium/Flanders,K3 - De hoed van Ya Ya Yippee,Belgium/Flanders,Europe,Europe,154,49,23,72,3.130434783,17,46.75324675,0.318181818,0.149350649,0.467532468,0.020327499,0.11038961,0.303592511
Belgium/Flanders,Kari Lente & Co,Belgium/Flanders,Europe,Europe,150,42,23,65,2.826086957,10,43.33333333,0.28,0.153333333,0.433333333,0.01884058,0.066666667,0.288888889
Belgium/Flanders,Meesterwerken in Beeld - Robinson Cruso.,Belgium/Flanders,Europe,Europe,91,41,19,60,3.157894737,7,65.93406593,0.450549451,0.208791209,0.659340659,0.03470214,0.076923077,0.724550175
Belgium/Flanders,Otto - Op hete kolen,Belgium/Flanders,Europe,Europe,150,95,33,128,3.878787879,9,85.33333333,0.633333333,0.22,0.853333333,0.025858586,0.06,0.568888889
Belgium/Flanders,Piet Pienter en Bert Bibber - Invasie uit het heelal,Belgium/Flanders,Europe,Europe,160,35,24,59,2.458333333,5,36.875,0.21875,0.15,0.36875,0.015364583,0.03125,0.23046875
Belgium/Flanders,Samson & Gert - De Vliegsiroop,Belgium/Flanders,Europe,Europe,153,59,27,86,3.185185185,17,56.20915033,0.385620915,0.176470588,0.562091503,0.020818204,0.111111111,0.367380068
Belgium/Flanders,Sloeber - Het Komplot,Belgium/Flanders,Europe,Europe,314,147,62,209,3.370967742,8,66.56050955,0.468152866,0.197452229,0.665605096,0.010735566,0.025477707,0.211976145
Belgium/Flanders,Suske en Wiske - De Poenschepper,Belgium/Flanders,Europe,Europe,161,52,33,85,2.575757576,5,52.79503106,0.322981366,0.204968944,0.527950311,0.015998494,0.031055901,0.327919448
Belgium/Flanders,Suske en Wiske - De snorrende snor,Belgium/Flanders,Europe,Europe,158,46,29,75,2.586206897,5,47.46835443,0.291139241,0.183544304,0.474683544,0.016368398,0.03164557,0.300432623
Belgium/Flanders,Suske en Wiske - De sprietatoom,Belgium/Flanders,Europe,Europe,156,59,35,94,2.685714286,6,60.25641026,0.378205128,0.224358974,0.602564103,0.017216117,0.038461538,0.38625904
Belgium/Flanders,Suske en Wiske - Het geheim van de Kalmhoutse heide,Belgium/Flanders,Europe,Europe,156,44,28,72,2.571428571,5,46.15384615,0.282051282,0.179487179,0.461538462,0.016483516,0.032051282,0.295857988
Belgium/Flanders,Suske en Wiske - Op het eiland Amoras,Belgium/Flanders,Europe,Europe,152,45,28,73,2.607142857,5,48.02631579,0.296052632,0.184210526,0.480263158,0.017152256,0.032894737,0.315962604
Belgium/Flanders,Suske en Wiske - Rikki en Wiske,Belgium/Flanders,Europe,Europe,152,54,32,86,2.6875,4,56.57894737,0.355263158,0.210526316,0.565789474,0.017680921,0.026315789,0.372229917
Belgium/Flanders,Thomas Pips - De rode Heks,Belgium/Flanders,Europe,Europe,308,95,42,137,3.261904762,11,44.48051948,0.308441558,0.136363636,0.444805195,0.0105906,0.035714286,0.144417271
Belgium/Flanders,W817 - Een keivet akke-fietje,Belgium/Flanders,Europe,Europe,152,46,21,67,3.19047619,11,44.07894737,0.302631579,0.138157895,0.440789474,0.020989975,0.072368421,0.289993075
Belgium/Flanders,Waterland - Onweer,Belgium/Flanders,Europe,Europe,137,22,16,38,2.375,4,27.73722628,0.160583942,0.116788321,0.277372263,0.017335766,0.02919708,0.202461506
Belgium/Flanders,Weer over naar jou,Belgium/Flanders,Europe,Europe,154,63,20,83,4.15,9,53.8961039,0.409090909,0.12987013,0.538961039,0.026948052,0.058441558,0.349974701
Belgium/Flanders,Willeke - De draak van Kokoluput,Belgium/Flanders,Europe,Europe,304,71,51,122,2.392156863,4,40.13157895,0.233552632,0.167763158,0.401315789,0.007868937,0.013157895,0.132011773
China,1/2 Prince,China,Asia,Asia,100,11,8,19,2.375,4,19,0.11,0.08,0.19,0.02375,0.04,0.19
China,Divine Melody,China,Asia,Asia,95,15,12,27,2.25,5,28.42105263,0.157894737,0.126315789,0.284210526,0.023684211,0.052631579,0.299168975
China,Heaven Sword and Dragon Sabre  - The King of Gold Lion-Zhune Shai,China,Asia,Asia,161,34,23,57,2.47826087,4,35.40372671,0.211180124,0.142857143,0.354037267,0.015392925,0.02484472,0.219898924
China,Mega Dragon & Tiger Future Kung Fu Action,China,Asia,Asia,153,48,27,75,2.777777778,7,49.01960784,0.31372549,0.176470588,0.490196078,0.01815541,0.045751634,0.320389594
China,Saint Legend,China,Asia,Asia,314,82,50,132,2.64,5,42.03821656,0.261146497,0.159235669,0.420382166,0.008407643,0.015923567,0.133879671
China,SNK vs. Capcom: SVC Chaos,China,Asia,Asia,150,28,20,48,2.4,4,32,0.186666667,0.133333333,0.32,0.016,0.026666667,0.213333333
China,Storm Riders,China,Asia,Asia,295,60,43,103,2.395348837,6,34.91525424,0.203389831,0.145762712,0.349152542,0.008119827,0.020338983,0.118356794
China,SVC Chaos: SNK vs Capcom,China,Asia,Asia,88,11,9,20,2.222222222,3,22.72727273,0.125,0.102272727,0.227272727,0.025252525,0.034090909,0.258264463
China,The King of Fighters,China,Asia,Asia,158,31,24,55,2.291666667,4,34.81012658,0.196202532,0.151898734,0.348101266,0.014504219,0.025316456,0.220317257
China,The King of Fighters: 2003,China,Asia,Asia,164,40,29,69,2.379310345,5,42.07317073,0.243902439,0.176829268,0.420731707,0.01450799,0.030487805,0.256543724
China,Tiger x Crane Record of the Demon Master,China,Asia,Asia,121,14,10,24,2.4,4,19.83471074,0.115702479,0.082644628,0.198347107,0.019834711,0.033057851,0.163923229
China,Xiewang Lin Jie,China,Asia,Asia,341,83,51,134,2.62745098,6,39.29618768,0.24340176,0.149560117,0.392961877,0.007705135,0.017595308,0.115238087
China,Yin Zhi Shoumuren (Silver Gravekeeper),China,Asia,Asia,72,2,2,4,2,2,5.555555556,0.027777778,0.027777778,0.055555556,0.027777778,0.027777778,0.077160494
France,Alter Ego,France,Europe,Europe,156,45,22,67,3.045454545,7,42.94871795,0.288461538,0.141025641,0.429487179,0.019522145,0.044871795,0.275312295
France,Catman - Une aventure de Cliff Burton,France,Europe,Europe,310,94,55,149,2.709090909,6,48.06451613,0.303225806,0.177419355,0.480645161,0.008739003,0.019354839,0.155046826
France,Child of the Storm,France,Europe,Europe,202,30,23,53,2.304347826,4,26.23762376,0.148514851,0.113861386,0.262376238,0.011407663,0.01980198,0.129889227
France,Donjon - La Fin du Donjon,France,Europe,Europe,544,73,37,110,2.972972973,13,20.22058824,0.134191176,0.068014706,0.202205882,0.005465024,0.023897059,0.037170199
France,Final Incal,France,Europe,Europe,410,67,50,117,2.34,5,28.53658537,0.163414634,0.12195122,0.285365854,0.005707317,0.012195122,0.069601428
France,La Vie En Rose - La Derni.re Pluie,France,Europe,Europe,151,28,15,43,2.866666667,7,28.47682119,0.185430464,0.099337748,0.284768212,0.018984547,0.046357616,0.18858822
France,La Voyageuse de Petite Ceinture,France,Europe,Europe,306,107,46,153,3.326086957,10,50,0.349673203,0.150326797,0.5,0.010869565,0.032679739,0.163398693
France,Le Cahier . Fleurs - Mauvaise Orchestration,France,Europe,Europe,306,43,36,79,2.194444444,4,25.81699346,0.140522876,0.117647059,0.258169935,0.007171387,0.013071895,0.08436926
France,Le Muret,France,Europe,Europe,146,65,20,85,4.25,14,58.21917808,0.445205479,0.136986301,0.582191781,0.029109589,0.095890411,0.398761494
France,Le Soldat,France,Europe,Europe,368,92,51,143,2.803921569,8,38.85869565,0.25,0.138586957,0.388586957,0.007619352,0.02173913,0.105594282
France,LoRaNnE - Frisco,France,Europe,Europe,318,58,35,93,2.657142857,7,29.24528302,0.182389937,0.110062893,0.29245283,0.008355795,0.022012579,0.091966299
France,Metabarons Genesis: Castaka,France,Europe,Europe,297,35,23,58,2.52173913,6,19.52861953,0.117845118,0.077441077,0.195286195,0.008490704,0.02020202,0.065752928
France,Notre Dame - Le Jour des Fous,France,Europe,Europe,314,57,30,87,2.9,11,27.70700637,0.181528662,0.095541401,0.277070064,0.009235669,0.035031847,0.088238874
France,Percy Shelley,France,Europe,Europe,146,21,11,32,2.909090909,6,21.91780822,0.143835616,0.075342466,0.219178082,0.01992528,0.04109589,0.150121974
France,Pietrolino,France,Europe,Europe,147,14,12,26,2.166666667,3,17.68707483,0.095238095,0.081632653,0.176870748,0.014739229,0.020408163,0.120320237
France,Screaming Planet - Eucharist Sun,France,Europe,Europe,54,15,7,22,3.142857143,4,40.74074074,0.277777778,0.12962963,0.407407407,0.058201058,0.074074074,0.754458162
France,Screaming Planet - The Guilt,France,Europe,Europe,94,26,14,40,2.857142857,8,42.55319149,0.276595745,0.14893617,0.425531915,0.030395137,0.085106383,0.452693526
France,Screaming Planet - The Invasion,France,Europe,Europe,158,37,26,63,2.423076923,5,39.87341772,0.234177215,0.164556962,0.398734177,0.01533593,0.03164557,0.252363403
France,Screaming Planet - The Last Word,France,Europe,Europe,36,3,3,6,2,2,16.66666667,0.083333333,0.083333333,0.166666667,0.055555556,0.055555556,0.462962963
France,Skipper - Somalia,France,Europe,Europe,151,25,13,38,2.923076923,8,25.16556291,0.165562914,0.086092715,0.251655629,0.019358125,0.052980132,0.166659357
France,Trans-Amazonie - La Chute du Masque,France,Europe,Europe,149,19,13,32,2.461538462,5,21.47651007,0.127516779,0.087248322,0.214765101,0.016520392,0.033557047,0.144137651
France,Tsunami,France,Europe,Europe,93,7,5,12,2.4,3,12.90322581,0.075268817,0.053763441,0.129032258,0.025806452,0.032258065,0.138744364
France,Une Folie Tr.s Ordinaire,France,Europe,Europe,182,44,25,69,2.76,6,37.91208791,0.241758242,0.137362637,0.379120879,0.015164835,0.032967033,0.208308175
Germany,Larry Potter,Germany,Europe,Europe,152,77,25,102,4.08,13,67.10526316,0.506578947,0.164473684,0.671052632,0.026842105,0.085526316,0.441481994
Germany,Die Band,Germany,Europe,Europe,310,57,29,86,2.965517241,7,27.74193548,0.183870968,0.093548387,0.277419355,0.009566185,0.022580645,0.089490114
Germany,Fix und Foxi,Germany,Europe,Europe,151,35,21,56,2.666666667,8,37.08609272,0.231788079,0.139072848,0.370860927,0.017660044,0.052980132,0.245603263
Germany,K.nig Kobra,Germany,Europe,Europe,155,25,19,44,2.315789474,5,28.38709677,0.161290323,0.122580645,0.283870968,0.014940577,0.032258065,0.18314256
Germany,Moga Mobo,Germany,Europe,Europe,441,65,38,103,2.710526316,6,23.35600907,0.14739229,0.0861678,0.233560091,0.006146318,0.013605442,0.052961472
Germany,Mulle - Das geplagteste Pferd der Welt,Germany,Europe,Europe,5,1,1,2,2,2,40,0.2,0.2,0.4,0.4,0.4,8
Germany,Mulle - Das sportlichste Pferd der Welt,Germany,Europe,Europe,5,2,1,3,3,3,60,0.4,0.2,0.6,0.6,0.6,12
Germany,Mulle - das Teufelspferd,Germany,Europe,Europe,19,7,4,11,2.75,5,57.89473684,0.368421053,0.210526316,0.578947368,0.144736842,0.263157895,3.047091413
Germany,Mulle - Das Turbo-Pferd,Germany,Europe,Europe,11,3,2,5,2.5,3,45.45454545,0.272727273,0.181818182,0.454545455,0.227272727,0.272727273,4.132231405
Germany,Mulle - Das ungluecklichste Pferd der Welt,Germany,Europe,Europe,5,2,1,3,3,3,60,0.4,0.2,0.6,0.6,0.6,12
Germany,Mulle - Das verrueckteste Pferd der Welt,Germany,Europe,Europe,5,2,1,3,3,3,60,0.4,0.2,0.6,0.6,0.6,12
Germany,Mulle - im Rueckwaertsgang,Germany,Europe,Europe,18,8,4,12,3,5,66.66666667,0.444444444,0.222222222,0.666666667,0.166666667,0.277777778,3.703703704
Germany,Mulle - Mulle dreht voll auf,Germany,Europe,Europe,50,5,3,8,2.666666667,3,16,0.1,0.06,0.16,0.053333333,0.06,0.32
Germany,Mulle - wird spruchreif,Germany,Europe,Europe,24,9,6,15,2.5,4,62.5,0.375,0.25,0.625,0.104166667,0.166666667,2.604166667
Germany,Operation Odin,Germany,Europe,Europe,161,22,13,35,2.692307692,4,21.73913043,0.136645963,0.080745342,0.217391304,0.016722408,0.02484472,0.135025655
Germany,Werner,Germany,Europe,Europe,153,99,25,124,4.96,20,81.04575163,0.647058824,0.163398693,0.810457516,0.032418301,0.130718954,0.529710795
Japan,12 sai. ~Kokoro~,Japan,Asia,Asia,284,45,26,71,2.730769231,7,25,0.158450704,0.091549296,0.25,0.009615385,0.024647887,0.088028169
Japan,Absolute Boyfriend,Japan,Asia,Asia,200,19,15,34,2.266666667,4,17,0.095,0.075,0.17,0.011333333,0.02,0.085
Japan,Ahiru No Sora,Japan,Asia,Asia,103,10,9,19,2.111111111,3,18.44660194,0.097087379,0.087378641,0.184466019,0.020496224,0.029126214,0.179093223
Japan,Air Gear,Japan,Asia,Asia,218,14,11,25,2.272727273,5,11.46788991,0.064220183,0.050458716,0.114678899,0.010425354,0.02293578,0.052605
Japan,Ansatsu Kyoushitsu,Japan,Asia,Asia,284,13,11,24,2.181818182,3,8.450704225,0.045774648,0.038732394,0.084507042,0.007682458,0.01056338,0.029756001
Japan,Ao no Exorcist,Japan,Asia,Asia,336,48,40,88,2.2,3,26.19047619,0.142857143,0.119047619,0.261904762,0.006547619,0.008928571,0.077947846
Japan,Ashi-Girl,Japan,Asia,Asia,192,28,23,51,2.217391304,4,26.5625,0.145833333,0.119791667,0.265625,0.011548913,0.020833333,0.138346354
Japan,Assassination Classroom,Japan,Asia,Asia,189,31,20,51,2.55,5,26.98412698,0.164021164,0.105820106,0.26984127,0.013492063,0.026455026,0.142773159
Japan,Attack on Titan,Japan,Asia,Asia,90,4,4,8,2,2,8.888888889,0.044444444,0.044444444,0.088888889,0.022222222,0.022222222,0.098765432
Japan,Baby and Me,Japan,Asia,Asia,198,33,18,51,2.833333333,5,25.75757576,0.166666667,0.090909091,0.257575758,0.014309764,0.025252525,0.130088766
Japan,Baby Steps,Japan,Asia,Asia,89,16,12,28,2.333333333,3,31.46067416,0.179775281,0.134831461,0.314606742,0.026217228,0.033707865,0.353490721
Japan,Beelzebub,Japan,Asia,Asia,191,17,10,27,2.7,5,14.13612565,0.089005236,0.052356021,0.141361257,0.014136126,0.02617801,0.074011129
Japan,Big Windup!,Japan,Asia,Asia,93,21,14,35,2.5,4,37.6344086,0.225806452,0.150537634,0.376344086,0.02688172,0.043010753,0.40467106
Japan,Billy Bat,Japan,Asia,Asia,99,25,15,40,2.666666667,7,40.4040404,0.252525253,0.151515152,0.404040404,0.026936027,0.070707071,0.40812162
Japan,Bleach,Japan,Asia,Asia,283,59,40,99,2.475,4,34.98233216,0.208480565,0.141342756,0.349823322,0.008745583,0.014134276,0.123612481
Japan,Blue Something,Japan,Asia,Asia,254,33,28,61,2.178571429,4,24.01574803,0.12992126,0.11023622,0.24015748,0.008577053,0.015748031,0.094550189
Japan,Bread & Butter,Japan,Asia,Asia,296,44,35,79,2.257142857,5,26.68918919,0.148648649,0.118243243,0.266891892,0.007625483,0.016891892,0.09016618
Japan,Cage of Eden,Japan,Asia,Asia,293,8,8,16,2,2,5.460750853,0.027303754,0.027303754,0.054607509,0.006825939,0.006825939,0.018637375
Japan,Captain Tsubasa,Japan,Asia,Asia,80,6,5,11,2.2,3,13.75,0.075,0.0625,0.1375,0.0275,0.0375,0.171875
Japan,Chairman Shima Kosaku,Japan,Asia,Asia,126,8,4,12,3,5,9.523809524,0.063492063,0.031746032,0.095238095,0.023809524,0.03968254,0.07558579
Japan,Claymore,Japan,Asia,Asia,285,17,16,33,2.0625,3,11.57894737,0.059649123,0.056140351,0.115789474,0.007236842,0.010526316,0.040627886
Japan,Clover: Trefle,Japan,Asia,Asia,198,27,14,41,2.928571429,7,20.70707071,0.136363636,0.070707071,0.207070707,0.014790765,0.035353535,0.104581165
Japan,Crimson Hero,Japan,Asia,Asia,203,10,9,19,2.111111111,3,9.359605911,0.049261084,0.044334975,0.093596059,0.010399562,0.014778325,0.046106433
Japan,D.N. Angel,Japan,Asia,Asia,61,22,10,32,3.2,5,52.45901639,0.360655738,0.163934426,0.524590164,0.052459016,0.081967213,0.859983875
Japan,Dolly Kanon,Japan,Asia,Asia,293,23,18,41,2.277777778,4,13.99317406,0.078498294,0.061433447,0.139931741,0.007773986,0.013651877,0.047758273
Japan,Dragon Ball,Japan,Asia,Asia,55,11,9,20,2.222222222,3,36.36363636,0.2,0.163636364,0.363636364,0.04040404,0.054545455,0.661157025
Japan,Fairy Tail,Japan,Asia,Asia,426,44,29,73,2.517241379,6,17.13615023,0.103286385,0.068075117,0.171361502,0.005909017,0.014084507,0.040225705
Japan,Gangoose,Japan,Asia,Asia,204,30,19,49,2.578947368,5,24.01960784,0.147058824,0.093137255,0.240196078,0.012641899,0.024509804,0.117743176
Japan,Giant Killing,Japan,Asia,Asia,194,15,12,27,2.25,4,13.91752577,0.077319588,0.06185567,0.139175258,0.011597938,0.020618557,0.071739824
Japan,Gintama,Japan,Asia,Asia,212,44,20,64,3.2,8,30.18867925,0.20754717,0.094339623,0.301886792,0.01509434,0.037735849,0.14239943
Japan,Gurazeni,Japan,Asia,Asia,238,5,4,9,2.25,3,3.781512605,0.021008403,0.016806723,0.037815126,0.009453782,0.012605042,0.015888708
Japan,Haikyu!!,Japan,Asia,Asia,121,7,6,13,2.166666667,3,10.74380165,0.05785124,0.049586777,0.107438017,0.017906336,0.024793388,0.088791749
Japan,Haikyuu!!,Japan,Asia,Asia,203,20,17,37,2.176470588,3,18.22660099,0.098522167,0.083743842,0.18226601,0.01072153,0.014778325,0.089786212
Japan,Hikaru No Go,Japan,Asia,Asia,106,42,20,62,3.1,12,58.49056604,0.396226415,0.188679245,0.58490566,0.029245283,0.113207547,0.551797793
Japan,History's Strongest Disciple Keichi,Japan,Asia,Asia,198,17,17,34,2,2,17.17171717,0.085858586,0.085858586,0.171717172,0.01010101,0.01010101,0.086725844
Japan,HunterXHunter,Japan,Asia,Asia,101,29,14,43,3.071428571,8,42.57425743,0.287128713,0.138613861,0.425742574,0.030410184,0.079207921,0.421527301
Japan,Ihoujin,Japan,Asia,Asia,250,32,20,52,2.6,6,20.8,0.128,0.08,0.208,0.0104,0.024,0.0832
Japan,Iromen ~Juunintoiro~,Japan,Asia,Asia,165,31,19,50,2.631578947,6,30.3030303,0.187878788,0.115151515,0.303030303,0.015948963,0.036363636,0.183654729
Japan,Kakukaku Shikajika,Japan,Asia,Asia,198,38,24,62,2.583333333,4,31.31313131,0.191919192,0.121212121,0.313131313,0.013047138,0.02020202,0.158147128
Japan,Kimi No Iru Machi,Japan,Asia,Asia,182,6,6,12,2,2,6.593406593,0.032967033,0.032967033,0.065934066,0.010989011,0.010989011,0.036227509
Japan,Kimi wa Sora no Subete,Japan,Asia,Asia,305,66,44,110,2.5,7,36.06557377,0.216393443,0.144262295,0.360655738,0.008196721,0.02295082,0.118247783
Japan,Kocchi Muite! Miiko,Japan,Asia,Asia,152,8,7,15,2.142857143,3,9.868421053,0.052631579,0.046052632,0.098684211,0.014097744,0.019736842,0.064923823
Japan,Kou no Dori,Japan,Asia,Asia,198,9,7,16,2.285714286,3,8.080808081,0.045454545,0.035353535,0.080808081,0.011544012,0.015151515,0.040812162
Japan,Kuroko no Basket,Japan,Asia,Asia,84,9,8,17,2.125,3,20.23809524,0.107142857,0.095238095,0.202380952,0.025297619,0.035714286,0.240929705
Japan,Kuroko's Basketball,Japan,Asia,Asia,193,11,10,21,2.1,3,10.88082902,0.056994819,0.051813472,0.10880829,0.010880829,0.015544041,0.056377352
Japan,Kyo wa Kaisha Yasumimasu,Japan,Asia,Asia,194,24,21,45,2.142857143,4,23.19587629,0.12371134,0.108247423,0.231958763,0.011045655,0.020618557,0.119566373
Japan,love?com,Japan,Asia,Asia,316,57,38,95,2.5,5,30.06329114,0.180379747,0.120253165,0.300632911,0.007911392,0.015822785,0.095136997
Japan,Magi: The Labyrinth of Magic,Japan,Asia,Asia,235,10,8,18,2.25,4,7.659574468,0.042553191,0.034042553,0.076595745,0.009574468,0.017021277,0.032593934
Japan,Marmalade Boy Little,Japan,Asia,Asia,248,33,26,59,2.269230769,5,23.79032258,0.133064516,0.10483871,0.237903226,0.009150124,0.02016129,0.09592872
Japan,Moment -Eien no Isshun,Japan,Asia,Asia,296,56,32,88,2.75,6,29.72972973,0.189189189,0.108108108,0.297297297,0.009290541,0.02027027,0.100438276
Japan,Nana,Japan,Asia,Asia,100,26,17,43,2.529411765,4,43,0.26,0.17,0.43,0.025294118,0.04,0.43
Japan,Naruto,Japan,Asia,Asia,315,73,44,117,2.659090909,9,37.14285714,0.231746032,0.13968254,0.371428571,0.008441558,0.028571429,0.117913832
Japan,Nisekoi,Japan,Asia,Asia,321,26,21,47,2.238095238,3,14.64174455,0.080996885,0.065420561,0.146417445,0.006972259,0.009345794,0.045612911
Japan,One Piece,Japan,Asia,Asia,308,30,18,48,2.666666667,4,15.58441558,0.097402597,0.058441558,0.155844156,0.008658009,0.012987013,0.050598752
Japan,One Punch-Man,Japan,Asia,Asia,192,18,14,32,2.285714286,3,16.66666667,0.09375,0.072916667,0.166666667,0.011904762,0.015625,0.086805556
Japan,Oyasumi Memories,Japan,Asia,Asia,282,52,36,88,2.444444444,6,31.20567376,0.184397163,0.127659574,0.312056738,0.008668243,0.021276596,0.110658418
Japan,Poison Berry in my Brain,Japan,Asia,Asia,138,15,13,28,2.153846154,3,20.28985507,0.108695652,0.094202899,0.202898551,0.015607581,0.02173913,0.147027935
Japan,Psyren,Japan,Asia,Asia,200,17,16,33,2.0625,3,16.5,0.085,0.08,0.165,0.0103125,0.015,0.0825
Japan,Regalo,Japan,Asia,Asia,240,21,17,38,2.235294118,3,15.83333333,0.0875,0.070833333,0.158333333,0.009313725,0.0125,0.065972222
Japan,Rurouni Kenshin,Japan,Asia,Asia,102,23,12,35,2.916666667,7,34.31372549,0.225490196,0.117647059,0.343137255,0.028594771,0.068627451,0.336409073
Japan,Saireen,Japan,Asia,Asia,100,26,15,41,2.733333333,6,41,0.26,0.15,0.41,0.027333333,0.06,0.41
Japan,Saiyuki,Japan,Asia,Asia,81,32,16,48,3,4,59.25925926,0.395061728,0.197530864,0.592592593,0.037037037,0.049382716,0.731595793
Japan,Shokugeki No Soma,Japan,Asia,Asia,475,70,46,116,2.52173913,8,24.42105263,0.147368421,0.096842105,0.244210526,0.005308924,0.016842105,0.051412742
Japan,Slam Dunk,Japan,Asia,Asia,86,7,7,14,2,2,16.27906977,0.081395349,0.081395349,0.162790698,0.023255814,0.023255814,0.189291509
Japan,The Prince of Tennis,Japan,Asia,Asia,72,9,7,16,2.285714286,3,22.22222222,0.125,0.097222222,0.222222222,0.031746032,0.041666667,0.308641975
Japan,The World God Only Knows,Japan,Asia,Asia,291,43,32,75,2.34375,3,25.77319588,0.147766323,0.109965636,0.257731959,0.008054124,0.010309278,0.088567683
Japan,Touch,Japan,Asia,Asia,110,19,14,33,2.357142857,4,30,0.172727273,0.127272727,0.3,0.021428571,0.036363636,0.272727273
Japan,Trinity Seven,Japan,Asia,Asia,222,23,17,40,2.352941176,5,18.01801802,0.103603604,0.076576577,0.18018018,0.010598834,0.022522523,0.081162243
Japan,Vagabond,Japan,Asia,Asia,190,19,17,36,2.117647059,4,18.94736842,0.1,0.089473684,0.189473684,0.011145511,0.021052632,0.099722992
Japan,Yu-Gi-Oh! 5D's,Japan,Asia,Asia,208,35,25,60,2.4,8,28.84615385,0.168269231,0.120192308,0.288461538,0.011538462,0.038461538,0.138683432
Korea,9 Faces of Love - Return of Princess Rouana,Korea,Asia,Asia,247,43,33,76,2.303030303,5,30.76923077,0.174089069,0.133603239,0.307692308,0.009324009,0.020242915,0.124571784
Korea,Aegis,Korea,Asia,Asia,170,25,16,41,2.5625,4,24.11764706,0.147058824,0.094117647,0.241176471,0.015073529,0.023529412,0.141868512
Korea,Boy of the Female Wolf,Korea,Asia,Asia,103,18,15,33,2.2,4,32.03883495,0.174757282,0.145631068,0.32038835,0.021359223,0.038834951,0.31105665
Korea,Emperor's Castle,Korea,Asia,Asia,128,3,3,6,2,2,4.6875,0.0234375,0.0234375,0.046875,0.015625,0.015625,0.036621094
Korea,He was Cool,Korea,Asia,Asia,143,24,15,39,2.6,5,27.27272727,0.167832168,0.104895105,0.272727273,0.018181818,0.034965035,0.190718373
Korea,In The Starlight,Korea,Asia,Asia,163,36,21,57,2.714285714,5,34.96932515,0.220858896,0.128834356,0.349693252,0.01665206,0.030674847,0.214535737
Korea,Invincible Yeonbyeongeol,Korea,Asia,Asia,73,15,9,24,2.666666667,5,32.87671233,0.205479452,0.123287671,0.328767123,0.03652968,0.068493151,0.450365922
Korea,Kingdom of the Winds,Korea,Asia,Asia,68,5,5,10,2,2,14.70588235,0.073529412,0.073529412,0.147058824,0.029411765,0.029411765,0.216262976
Korea,Kwaidan,Korea,Asia,Asia,276,45,27,72,2.666666667,6,26.08695652,0.163043478,0.097826087,0.260869565,0.009661836,0.02173913,0.094517958
Korea,Lie to Me,Korea,Asia,Asia,166,10,10,20,2,2,12.04819277,0.060240964,0.060240964,0.120481928,0.012048193,0.012048193,0.072579475
Korea,The Breaker New Waves,Korea,Asia,Asia,102,18,12,30,2.5,5,29.41176471,0.176470588,0.117647059,0.294117647,0.024509804,0.049019608,0.288350634
Korea,The Color of Earth,Korea,Asia,Asia,228,58,31,89,2.870967742,7,39.03508772,0.254385965,0.135964912,0.390350877,0.012591964,0.030701754,0.171206525
Korea,The Great Catsby,Korea,Asia,Asia,140,34,19,53,2.789473684,9,37.85714286,0.242857143,0.135714286,0.378571429,0.019924812,0.064285714,0.270408163
Korea,Zero/Six,Korea,Asia,Asia,142,16,11,27,2.454545455,4,19.01408451,0.112676056,0.077464789,0.190140845,0.017285531,0.028169014,0.133902004
Korea,Zippy Ziggy,Korea,Asia,Asia,78,18,11,29,2.636363636,4,37.17948718,0.230769231,0.141025641,0.371794872,0.033799534,0.051282051,0.476660092
Netherlands,Agent 327 - Dossier zevenslaper,Netherlands,Europe,Europe,304,127,47,174,3.70212766,8,57.23684211,0.417763158,0.154605263,0.572368421,0.012178052,0.026315789,0.188279086
Netherlands,Alle verhalen van Olie B. Bommel en Tom Poes - Zoals een Bommel betaamt,Netherlands,Europe,Europe,75,26,17,43,2.529411765,5,57.33333333,0.346666667,0.226666667,0.573333333,0.03372549,0.066666667,0.764444444
Netherlands,Alleen op de wereld,Netherlands,Europe,Europe,155,37,25,62,2.48,5,40,0.238709677,0.161290323,0.4,0.016,0.032258065,0.258064516
Netherlands,Ambrosius - De gefleste geesten,Netherlands,Europe,Europe,156,38,23,61,2.652173913,8,39.1025641,0.243589744,0.147435897,0.391025641,0.017001115,0.051282051,0.250657462
Netherlands,Baron van Tast tot Zeveren,Netherlands,Europe,Europe,300,115,56,171,3.053571429,6,57,0.383333333,0.186666667,0.57,0.010178571,0.02,0.19
Netherlands,Blook - De supermolekuul,Netherlands,Europe,Europe,159,76,37,113,3.054054054,7,71.06918239,0.477987421,0.232704403,0.710691824,0.019207887,0.044025157,0.44697599
Netherlands,Claudia Brucken - Operatie Sneeuw,Netherlands,Europe,Europe,308,140,55,195,3.545454545,14,63.31168831,0.454545455,0.178571429,0.633116883,0.011511216,0.045454545,0.20555743
Netherlands,De Argonautjes - De Onderwereld,Netherlands,Europe,Europe,154,47,23,70,3.043478261,7,45.45454545,0.305194805,0.149350649,0.454545455,0.019762846,0.045454545,0.295159386
Netherlands,De avonturen van Douwe Dabbert - Florijn de Flierefluiter,Netherlands,Europe,Europe,156,64,36,100,2.777777778,7,64.1025641,0.41025641,0.230769231,0.641025641,0.017806268,0.044871795,0.410913872
Netherlands,De avonturen van Johan en Stefan - De Zondebokken,Netherlands,Europe,Europe,149,42,27,69,2.555555556,6,46.30872483,0.281879195,0.181208054,0.463087248,0.01715138,0.040268456,0.310796811
Netherlands,De avonturen van Pinkie Pienter - Koning Neptunus helpt Pinkie,Netherlands,Europe,Europe,152,79,30,109,3.633333333,11,71.71052632,0.519736842,0.197368421,0.717105263,0.023903509,0.072368421,0.471779778
Netherlands,De avonturen van Pinkie Pienter - Vreemde bezoekers uit het heelal,Netherlands,Europe,Europe,151,61,30,91,3.033333333,7,60.26490066,0.40397351,0.198675497,0.602649007,0.0200883,0.046357616,0.399105302
Netherlands,De Familie Doorzon - Het geslacht doorzon,Netherlands,Europe,Europe,153,75,26,101,3.884615385,11,66.0130719,0.490196078,0.169934641,0.660130719,0.025389643,0.071895425,0.431457986
Netherlands,De Nakomertjes - Nooit meer uitslapen!,Netherlands,Europe,Europe,154,62,30,92,3.066666667,9,59.74025974,0.402597403,0.194805195,0.597402597,0.01991342,0.058441558,0.387923765
Netherlands,De ontdekking,Netherlands,Europe,Europe,302,58,21,79,3.761904762,18,26.1589404,0.19205298,0.069536424,0.261589404,0.012456638,0.059602649,0.086619008
Netherlands,De Ruyter - De Engelsen komen!,Netherlands,Europe,Europe,151,44,27,71,2.62962963,8,47.01986755,0.291390728,0.178807947,0.470198675,0.017414766,0.052980132,0.311389851
Netherlands,Dick Bos,Netherlands,Europe,Europe,100,33,17,50,2.941176471,8,50,0.33,0.17,0.5,0.029411765,0.08,0.5
Netherlands,Dik van Dieren en zo - De eerste 11 zaken,Netherlands,Europe,Europe,150,29,24,53,2.208333333,4,35.33333333,0.193333333,0.16,0.353333333,0.014722222,0.026666667,0.235555556
Netherlands,Don't panic!,Netherlands,Europe,Europe,152,31,21,52,2.476190476,6,34.21052632,0.203947368,0.138157895,0.342105263,0.016290727,0.039473684,0.225069252
Netherlands,Een avontuur van Elno - D骠 vu in sMon-Thang,Netherlands,Europe,Europe,150,34,21,55,2.619047619,5,36.66666667,0.226666667,0.14,0.366666667,0.017460317,0.033333333,0.244444444
Netherlands,Een avontuur van Roel Dijkstra - De superspits,Netherlands,Europe,Europe,152,45,28,73,2.607142857,5,48.02631579,0.296052632,0.184210526,0.480263158,0.017152256,0.032894737,0.315962604
Netherlands,Eric de Noorman - De Steen van Atlantis,Netherlands,Europe,Europe,152,47,27,74,2.740740741,5,48.68421053,0.309210526,0.177631579,0.486842105,0.018031189,0.032894737,0.320290859
Netherlands,Franka - Gangsterfilm,Netherlands,Europe,Europe,159,41,29,70,2.413793103,7,44.02515723,0.257861635,0.182389937,0.440251572,0.015181089,0.044025157,0.276887781
Netherlands,In The Pines: 5 murder ballads,Netherlands,Europe,Europe,139,71,29,100,3.448275862,13,71.94244604,0.510791367,0.208633094,0.71942446,0.02480774,0.09352518,0.517571554
Netherlands,"Jan, Jans en de kinderen",Netherlands,Europe,Europe,610,356,110,466,4.236363636,12,76.39344262,0.583606557,0.180327869,0.763934426,0.006944858,0.019672131,0.125235152
Netherlands,Je geld of je leven,Netherlands,Europe,Europe,114,57,19,76,4,14,66.66666667,0.5,0.166666667,0.666666667,0.035087719,0.122807018,0.584795322
Netherlands,Joop Klepzeiker,Netherlands,Europe,Europe,154,82,25,107,4.28,10,69.48051948,0.532467532,0.162337662,0.694805195,0.027792208,0.064935065,0.451172204
Netherlands,Kapitein Rob  - De avonturen van het Zeilschip de Vrijheid,Netherlands,Europe,Europe,152,43,24,67,2.791666667,11,44.07894737,0.282894737,0.157894737,0.440789474,0.018366228,0.072368421,0.289993075
Netherlands,Mario en de toverpluisbloem,Netherlands,Europe,Europe,152,67,36,103,2.861111111,6,67.76315789,0.440789474,0.236842105,0.677631579,0.018823099,0.039473684,0.445810249
Netherlands,Noortje - Altijd opgeruimd,Netherlands,Europe,Europe,151,55,31,86,2.774193548,7,56.95364238,0.364238411,0.205298013,0.569536424,0.018372143,0.046357616,0.37717644
Netherlands,Panda - De olieboertjes,Netherlands,Europe,Europe,70,8,7,15,2.142857143,3,21.42857143,0.114285714,0.1,0.214285714,0.030612245,0.042857143,0.306122449
Netherlands,Quaco - Leven in slavernij,Netherlands,Europe,Europe,151,28,22,50,2.272727273,4,33.11258278,0.185430464,0.145695364,0.331125828,0.015051174,0.026490066,0.219288628
Netherlands,Rood - Feestje met de regen,Netherlands,Europe,Europe,161,43,31,74,2.387096774,4,45.96273292,0.267080745,0.192546584,0.459627329,0.014826688,0.02484472,0.285482813
Netherlands,Sjors & Sjimmie  - Van dik hout,Netherlands,Europe,Europe,151,50,34,84,2.470588235,6,55.62913907,0.331125828,0.225165563,0.556291391,0.016361511,0.039735099,0.368404895
Netherlands,Sjors en Sjimmie - Bij de Arabieren,Netherlands,Europe,Europe,137,29,16,45,2.8125,7,32.84671533,0.211678832,0.116788321,0.328467153,0.020529197,0.051094891,0.239757046
Netherlands,Sjors en Sjimmie - De geheimzinnige duikboot,Netherlands,Europe,Europe,155,47,28,75,2.678571429,11,48.38709677,0.303225806,0.180645161,0.483870968,0.017281106,0.070967742,0.312174818
Netherlands,"Sjors, voorzitter van de Rebellenclub",Netherlands,Europe,Europe,154,70,37,107,2.891891892,7,69.48051948,0.454545455,0.24025974,0.694805195,0.018778519,0.045454545,0.451172204
Netherlands,Tom Poes - De liefdadiger,Netherlands,Europe,Europe,74,31,13,44,3.384615385,11,59.45945946,0.418918919,0.175675676,0.594594595,0.045738046,0.148648649,0.803506209
Netherlands,Tom Poes Weekblad 3 - Tom Poes en de geest in de fles,Netherlands,Europe,Europe,68,23,16,39,2.4375,5,57.35294118,0.338235294,0.235294118,0.573529412,0.035845588,0.073529412,0.843425606
Netherlands,Tom Poes Weekblad 3 - Tom Poes ontmoet een oude bekende,Netherlands,Europe,Europe,74,27,16,43,2.6875,7,58.10810811,0.364864865,0.216216216,0.581081081,0.036317568,0.094594595,0.785244704
Netherlands,Zonder Filter,Netherlands,Europe,Europe,127,53,27,80,2.962962963,9,62.99212598,0.417322835,0.212598425,0.62992126,0.023330417,0.070866142,0.496000992
Sweden,Bamse: v.rldens starkaste bj.rn - Bamse och .rstidsnyckeln,Sweden,Europe,Europe,125,21,18,39,2.166666667,4,31.2,0.168,0.144,0.312,0.017333333,0.032,0.2496
Sweden,Bamse: v.rldens starkaste bj.rn - Bamse och Farmors Kista,Sweden,Europe,Europe,43,13,9,22,2.444444444,4,51.1627907,0.302325581,0.209302326,0.511627907,0.056847545,0.093023256,1.189832342
Sweden,Bamse: v.rldens starkaste bj.rn - Bamse och J.tten Gorm,Sweden,Europe,Europe,72,14,9,23,2.555555556,6,31.94444444,0.194444444,0.125,0.319444444,0.035493827,0.083333333,0.443672839
Sweden,Bamse: v.rldens starkaste bj.rn - Bamse och Trollkarlens Smycke,Sweden,Europe,Europe,96,10,9,19,2.111111111,3,19.79166667,0.104166667,0.09375,0.197916667,0.021990741,0.03125,0.206163194
Sweden,Bamse: v.rldens starkaste bj.rn - Bamse: Sandslottst.vlingen,Sweden,Europe,Europe,64,5,4,9,2.25,3,14.0625,0.078125,0.0625,0.140625,0.03515625,0.046875,0.219726563
Sweden,Bamse: v.rldens starkaste bj.rn - Den Mystiska Bilen,Sweden,Europe,Europe,56,9,7,16,2.285714286,3,28.57142857,0.160714286,0.125,0.285714286,0.040816327,0.053571429,0.510204082
Sweden,Bamse: v.rldens starkaste bj.rn - Drullevarg Matar F.glarna (fast.n han inte vill),Sweden,Europe,Europe,68,22,11,33,3,5,48.52941176,0.323529412,0.161764706,0.485294118,0.044117647,0.073529412,0.71366782
Sweden,Bamse: v.rldens starkaste bj.rn - Fixare-sorkarna p. Stallstigen,Sweden,Europe,Europe,26,4,3,7,2.333333333,3,26.92307692,0.153846154,0.115384615,0.269230769,0.08974359,0.115384615,1.035502958
Sweden,Bamse: v.rldens starkaste bj.rn - Katten Jansen och Husmusen Hj.lper Till,Sweden,Europe,Europe,18,12,3,15,5,6,83.33333333,0.666666667,0.166666667,0.833333333,0.277777778,0.333333333,4.629629629
Sweden,Bamse: v.rldens starkaste bj.rn - Krosus Gladland II,Sweden,Europe,Europe,88,19,8,27,3.375,5,30.68181818,0.215909091,0.090909091,0.306818182,0.038352273,0.056818182,0.348657025
Sweden,Bamse: v.rldens starkaste bj.rn - Lille Skutt I Fotbolls-VM,Sweden,Europe,Europe,83,8,7,15,2.142857143,3,18.07228916,0.096385542,0.084337349,0.180722892,0.025817556,0.036144578,0.217738424
Sweden,Bamse: v.rldens starkaste bj.rn - Mini-Hop och Barnvakten,Sweden,Europe,Europe,42,12,9,21,2.333333333,3,50,0.285714286,0.214285714,0.5,0.055555556,0.071428571,1.19047619
Sweden,Bamse: v.rldens starkaste bj.rn - Om Sandslott,Sweden,Europe,Europe,10,1,1,2,2,2,20,0.1,0.1,0.2,0.2,0.2,2
Sweden,Bamse: v.rldens starkaste bj.rn - Pellefant: Sn.ballskriget,Sweden,Europe,Europe,32,3,3,6,2,2,18.75,0.09375,0.09375,0.1875,0.0625,0.0625,0.5859375
Sweden,Bamse: v.rldens starkaste bj.rn - Professor Murmeldjur har Br.ttom,Sweden,Europe,Europe,30,6,5,11,2.2,3,36.66666667,0.2,0.166666667,0.366666667,0.073333333,0.1,1.222222222
Sweden,Bamse: v.rldens starkaste bj.rn - Skalman och Mullvalen,Sweden,Europe,Europe,98,14,8,22,2.75,6,22.44897959,0.142857143,0.081632653,0.224489796,0.028061224,0.06122449,0.22907122
Sweden,Bamse: v.rldens starkaste bj.rn - Sorktyg i Skogen II,Sweden,Europe,Europe,84,25,13,38,2.923076923,7,45.23809524,0.297619048,0.154761905,0.452380952,0.034798535,0.083333333,0.538548753
Sweden,Bamse: v.rldens starkaste bj.rn - Teddy Blir Detektiv,Sweden,Europe,Europe,107,17,15,32,2.133333333,3,29.90654206,0.158878505,0.140186916,0.299065421,0.019937695,0.028037383,0.279500393
Sweden,Bamse: v.rldens starkaste bj.rn - Tidsresan: Bamse och de Mystiska Str.larna,Sweden,Europe,Europe,84,12,9,21,2.333333333,3,25,0.142857143,0.107142857,0.25,0.027777778,0.035714286,0.297619048
Sweden,Bamse: v.rldens starkaste bj.rn - Vargen och Klockkuppen,Sweden,Europe,Europe,94,21,12,33,2.75,5,35.10638298,0.223404255,0.127659574,0.35106383,0.029255319,0.053191489,0.373472159
Sweden,H.lge: Varning f򲠤lgskador!,Sweden,Europe,Europe,127,27,21,48,2.285714286,4,37.79527559,0.212598425,0.165354331,0.377952756,0.01799775,0.031496063,0.297600595
Sweden,Herman Hedning,Sweden,Europe,Europe,77,23,13,36,2.769230769,5,46.75324675,0.298701299,0.168831169,0.467532468,0.035964036,0.064935065,0.607185023
USA,100%,USA,USA,USA,139,32,22,54,2.454545455,5,38.84892086,0.230215827,0.158273381,0.388489209,0.0176586,0.035971223,0.279488639
USA,Action Comics - The Menace of Metallo,USA,USA,USA,72,26,15,41,2.733333333,7,56.94444444,0.361111111,0.208333333,0.569444444,0.037962963,0.097222222,0.790895062
USA,Action Comics - The Supergirl from Krypton!,USA,USA,USA,158,50,31,81,2.612903226,7,51.26582278,0.316455696,0.196202532,0.512658228,0.016537362,0.044303797,0.324467233
USA,Amazing Spider-man - Back in Black,USA,USA,USA,270,85,39,124,3.179487179,9,45.92592593,0.314814815,0.144444444,0.459259259,0.011775878,0.033333333,0.170096022
USA,Amazing Spider-Man - Shaw's Gambit,USA,USA,USA,212,58,35,93,2.657142857,6,43.86792453,0.273584906,0.16509434,0.438679245,0.012533693,0.028301887,0.206924172
USA,Andre the Giant: Life and Legend,USA,USA,USA,131,27,18,45,2.5,5,34.35114504,0.20610687,0.13740458,0.34351145,0.019083969,0.038167939,0.262222481
USA,Arch Enemies One Hero. One Villan. On Apartment,USA,USA,USA,184,46,26,72,2.769230769,5,39.13043478,0.25,0.141304348,0.391304348,0.015050167,0.027173913,0.212665406
USA,Assemby,OEL manga,USA,OEL manga,168,35,20,55,2.75,5,32.73809524,0.208333333,0.119047619,0.327380952,0.016369048,0.029761905,0.194869615
USA,B.P.R.D. - The Black Flame,USA,USA,USA,204,38,23,61,2.652173913,5,29.90196078,0.18627451,0.112745098,0.299019608,0.013000853,0.024509804,0.146578239
USA,Batman The Dark Knight - A Rush of Blood,USA,USA,USA,237,91,47,138,2.936170213,10,58.2278481,0.383966245,0.198312236,0.582278481,0.012388904,0.042194093,0.245687123
USA,Batman:The Killing Joke,USA,USA,USA,133,60,26,86,3.307692308,9,64.66165414,0.45112782,0.195488722,0.646616541,0.024869867,0.067669173,0.486177851
USA,Black Hood - Crime Goes to College,USA,USA,USA,170,45,26,71,2.730769231,5,41.76470588,0.264705882,0.152941176,0.417647059,0.016063348,0.029411765,0.24567474
USA,Black Hood - The Case of the Medical Murderer,USA,USA,USA,122,30,24,54,2.25,4,44.26229508,0.245901639,0.196721311,0.442622951,0.018442623,0.032786885,0.362805697
USA,Black Panther - Back to Africa: Part one,USA,USA,USA,208,48,31,79,2.548387097,6,37.98076923,0.230769231,0.149038462,0.379807692,0.012251861,0.028846154,0.182599852
USA,Blankets,USA,USA,USA,128,39,18,57,3.166666667,8,44.53125,0.3046875,0.140625,0.4453125,0.024739583,0.0625,0.347900391
USA,Blessed Thistle,USA,USA,USA,218,77,47,124,2.638297872,5,56.88073394,0.353211009,0.21559633,0.568807339,0.012102284,0.02293578,0.260920798
USA,Blue Beetle - The Man Who Stole 24 Hours,USA,USA,USA,56,8,5,13,2.6,4,23.21428571,0.142857143,0.089285714,0.232142857,0.046428571,0.071428571,0.414540816
USA,Blue Beetle - The Masks of Mystery,USA,USA,USA,56,8,8,16,2,2,28.57142857,0.142857143,0.142857143,0.285714286,0.035714286,0.035714286,0.510204082
USA,Blue Monday,OEL manga,USA,OEL manga,324,108,62,170,2.741935484,7,52.4691358,0.333333333,0.191358025,0.524691358,0.008462764,0.021604938,0.161941777
USA,Boxers,USA,USA,USA,136,9,5,14,2.8,6,10.29411765,0.066176471,0.036764706,0.102941176,0.020588235,0.044117647,0.075692042
USA,Brain Boy - Pirates of the Air,USA,USA,USA,154,34,24,58,2.416666667,4,37.66233766,0.220779221,0.155844156,0.376623377,0.015692641,0.025974026,0.244560634
USA,Captain America  - Blood Stone,USA,USA,USA,184,77,29,106,3.655172414,17,57.60869565,0.418478261,0.157608696,0.576086957,0.019865067,0.092391304,0.313090737
USA,"Captain America  - U.S. Agent, Siege, Night of the Scourge part one",USA,USA,USA,44,16,12,28,2.333333333,3,63.63636364,0.363636364,0.272727273,0.636363636,0.053030303,0.068181818,1.446280992
USA,Captain Atom - The Gremlins from the Planet Blue,USA,USA,USA,103,12,7,19,2.714285714,7,18.44660194,0.116504854,0.067961165,0.184466019,0.026352288,0.067961165,0.179093223
USA,Captain Marvel Adventures - Capt. Marvel -Out West-,USA,USA,USA,91,20,10,30,3,6,32.96703297,0.21978022,0.10989011,0.32967033,0.032967033,0.065934066,0.362275088
USA,Captain Marvel Adventures - Captain Marvel Battles the Vampire,USA,USA,USA,90,38,21,59,2.80952381,5,65.55555556,0.422222222,0.233333333,0.655555556,0.031216931,0.055555556,0.728395062
USA,Captain Marvel Adventures - Captain Marvel Vs. Z,USA,USA,USA,96,32,19,51,2.684210526,7,53.125,0.333333333,0.197916667,0.53125,0.027960526,0.072916667,0.553385417
USA,Captain Marvel Adventures - The Monsters of Saturn,USA,USA,USA,105,19,14,33,2.357142857,6,31.42857143,0.180952381,0.133333333,0.314285714,0.02244898,0.057142857,0.299319728
USA,"Captain Midnight - """"Secret Sub""""",USA,USA,USA,54,6,5,11,2.2,3,20.37037037,0.111111111,0.092592593,0.203703704,0.040740741,0.055555556,0.377229081
USA,Captain Midnight - The Murder Trap,USA,USA,USA,110,28,15,43,2.866666667,5,39.09090909,0.254545455,0.136363636,0.390909091,0.026060606,0.045454545,0.355371901
USA,Chronicles of the Universe,OEL manga,USA,OEL manga,267,30,19,49,2.578947368,5,18.35205993,0.112359551,0.071161049,0.183520599,0.009658979,0.018726592,0.068734307
USA,Constantine - The Spark and the Flame Part 1: The Price We Pay,USA,USA,USA,148,42,29,71,2.448275862,5,47.97297297,0.283783784,0.195945946,0.47972973,0.016542404,0.033783784,0.324141709
USA,Daredevil - Guardian Devil,USA,USA,USA,133,50,23,73,3.173913043,8,54.88721805,0.37593985,0.172932331,0.54887218,0.023864008,0.060150376,0.41268585
USA,Daredevil - The Mysterious Masked Matador,USA,USA,USA,260,97,49,146,2.979591837,15,56.15384615,0.373076923,0.188461538,0.561538462,0.011459969,0.057692308,0.215976331
USA,Darkness Resurrection,USA,USA,USA,205,54,32,86,2.6875,8,41.95121951,0.263414634,0.156097561,0.419512195,0.013109756,0.03902439,0.204640095
USA,Deadpool - Bullseye part two,USA,USA,USA,93,43,19,62,3.263157895,11,66.66666667,0.462365591,0.204301075,0.666666667,0.035087719,0.11827957,0.716845878
USA,Detective Comics - The Laughing Fish,USA,USA,USA,228,72,30,102,3.4,8,44.73684211,0.315789474,0.131578947,0.447368421,0.014912281,0.035087719,0.19621422
USA,DMZ Body of a Journalist,USA,USA,USA,180,38,18,56,3.111111111,6,31.11111111,0.211111111,0.1,0.311111111,0.017283951,0.033333333,0.172839506
USA,Doll Man - Monster of the Mire,USA,USA,USA,60,24,10,34,3.4,7,56.66666667,0.4,0.166666667,0.566666667,0.056666667,0.116666667,0.944444445
USA,Doll Man - The Troll,USA,USA,USA,49,24,9,33,3.666666667,13,67.34693878,0.489795918,0.183673469,0.673469388,0.074829932,0.265306122,1.374427322
USA,Fantastic Four - Skyfall,USA,USA,USA,91,33,13,46,3.538461538,13,50.54945055,0.362637363,0.142857143,0.505494505,0.038884193,0.142857143,0.555488468
USA,Far Arden,USA,USA,USA,118,9,9,18,2,2,15.25423729,0.076271186,0.076271186,0.152542373,0.016949153,0.016949153,0.129273197
USA,Fierce,USA,USA,USA,226,51,26,77,2.961538462,7,34.07079646,0.225663717,0.115044248,0.340707965,0.013104152,0.030973451,0.150755737
USA,"Gigantor - Heart of Steel, Soul of Iron",OEL manga,USA,OEL manga,175,16,12,28,2.333333333,4,16,0.091428571,0.068571429,0.16,0.013333333,0.022857143,0.091428571
USA,Gold Digger,OEL manga,USA,OEL manga,138,20,20,40,2,2,28.98550725,0.144927536,0.144927536,0.289855072,0.014492754,0.014492754,0.210039908
USA,Green Lantern - No evil shall escape my sight,USA,USA,USA,104,19,15,34,2.266666667,4,32.69230769,0.182692308,0.144230769,0.326923077,0.021794872,0.038461538,0.314349112
USA,Green Lantern Corps - Sacrifice of Will,USA,USA,USA,180,18,11,29,2.636363636,5,16.11111111,0.1,0.061111111,0.161111111,0.014646465,0.027777778,0.089506173
USA,Green Lantern: Rebirth - Rings,USA,USA,USA,260,76,44,120,2.727272727,7,46.15384615,0.292307692,0.169230769,0.461538462,0.01048951,0.026923077,0.177514793
USA,Heck,USA,USA,USA,159,13,12,25,2.083333333,3,15.72327044,0.081761006,0.075471698,0.157232704,0.013102725,0.018867925,0.098888493
USA,Justice League of America - The Great Identity Crisis!,USA,USA,USA,218,38,27,65,2.407407407,5,29.81651376,0.174311927,0.123853211,0.298165138,0.011043153,0.02293578,0.136772999
USA,Lady Luck - Charity Ball,USA,USA,USA,52,8,5,13,2.6,5,25,0.153846154,0.096153846,0.25,0.05,0.096153846,0.480769231
USA,Lady Luck - Pirate Mansion,USA,USA,USA,79,21,12,33,2.75,6,41.7721519,0.265822785,0.151898734,0.417721519,0.034810127,0.075949367,0.528761416
USA,Lady Luck - The Count,USA,USA,USA,32,7,5,12,2.4,3,37.5,0.21875,0.15625,0.375,0.075,0.09375,1.171875
USA,Lady Luck - The Pyramid Club,USA,USA,USA,58,19,11,30,2.727272727,4,51.72413793,0.327586207,0.189655172,0.517241379,0.047021944,0.068965517,0.891795482
USA,Lars of Mars -  The Terror Weapon,USA,USA,USA,73,21,11,32,2.909090909,6,43.83561644,0.287671233,0.150684932,0.438356164,0.03985056,0.082191781,0.600487896
USA,Lars of Mars - The Crucial Game,USA,USA,USA,44,12,8,20,2.5,4,45.45454545,0.272727273,0.181818182,0.454545455,0.056818182,0.090909091,1.033057851
USA,Lars of Mars - The Earthshaker,USA,USA,USA,42,5,3,8,2.666666667,3,19.04761905,0.119047619,0.071428571,0.19047619,0.063492064,0.071428571,0.453514739
USA,Lars of Mars - The Terror Weapon,USA,USA,USA,73,28,13,41,3.153846154,6,56.16438356,0.383561644,0.178082192,0.561643836,0.043203372,0.082191781,0.769375117
USA,Legends From Darkwood,OEL manga,USA,OEL manga,461,74,51,125,2.450980392,9,27.11496746,0.160520607,0.110629067,0.271149675,0.00531666,0.019522777,0.058817717
USA,Luftmatte 1946,OEL manga,USA,OEL manga,162,32,21,53,2.523809524,4,32.71604938,0.197530864,0.12962963,0.327160494,0.015579071,0.024691358,0.201950922
USA,Myth Warriors,OEL manga,USA,OEL manga,148,36,21,57,2.714285714,5,38.51351351,0.243243243,0.141891892,0.385135135,0.018339768,0.033783784,0.260226443
USA,Nick Fury Agent of S.H.I.E.L.D. - Who is Scorpio,USA,USA,USA,195,45,25,70,2.8,5,35.8974359,0.230769231,0.128205128,0.358974359,0.014358974,0.025641026,0.184089415
USA,Ninja High School Hawaii,OEL manga,USA,OEL manga,229,62,32,94,2.9375,7,41.04803493,0.270742358,0.139737991,0.410480349,0.012827511,0.030567686,0.179249061
USA,NorthWest Passage,USA,USA,USA,91,16,11,27,2.454545455,3,29.67032967,0.175824176,0.120879121,0.296703297,0.026973027,0.032967033,0.326047579
USA,Once in a Blue Moon,OEL manga,USA,OEL manga,186,38,27,65,2.407407407,5,34.94623656,0.204301075,0.14516129,0.349462366,0.012943051,0.02688172,0.187882992
USA,OZ The Manga - Council with the Munchkins,OEL manga,USA,OEL manga,196,40,32,72,2.25,4,36.73469388,0.204081633,0.163265306,0.367346939,0.011479592,0.020408163,0.187421908
USA,Plastic Man - The Expander Device,USA,USA,USA,96,40,20,60,3,9,62.5,0.416666667,0.208333333,0.625,0.03125,0.09375,0.651041667
USA,Pride and Prejudice,OEL manga,USA,OEL manga,88,13,9,22,2.444444444,5,25,0.147727273,0.102272727,0.25,0.027777778,0.056818182,0.284090909
USA,Rising Stars -  Voices of the Dead Bright,USA,USA,USA,185,55,30,85,2.833333333,6,45.94594595,0.297297297,0.162162162,0.459459459,0.015315315,0.032432432,0.248356465
USA,Same Difference,USA,USA,USA,173,54,25,79,3.16,9,45.66473988,0.312138728,0.144508671,0.456647399,0.018265896,0.052023121,0.263958034
USA,Savage Dragon - The End,USA,USA,USA,228,48,30,78,2.6,6,34.21052632,0.210526316,0.131578947,0.342105263,0.011403509,0.026315789,0.150046168
USA,Scott Pilgrim vs. The World,OEL manga,USA,OEL manga,176,27,21,48,2.285714286,4,27.27272727,0.153409091,0.119318182,0.272727273,0.012987013,0.022727273,0.154958678
USA,Set to Sea,USA,USA,USA,134,26,13,39,3,7,29.10447761,0.194029851,0.097014925,0.291044776,0.02238806,0.052238806,0.217197594
USA,Shackleton Antarctic Odyssey,USA,USA,USA,142,7,6,13,2.166666667,3,9.154929577,0.049295775,0.042253521,0.091549296,0.015258216,0.021126761,0.064471335
USA,Star Wars Empire,USA,USA,USA,192,20,13,33,2.538461538,4,17.1875,0.104166667,0.067708333,0.171875,0.013221154,0.020833333,0.089518229
USA,Street Fighter Classic,OEL manga,USA,OEL manga,152,67,24,91,3.791666667,12,59.86842105,0.440789474,0.157894737,0.598684211,0.024945175,0.078947368,0.393871191
USA,Sumo,USA,USA,USA,119,25,13,38,2.923076923,6,31.93277311,0.210084034,0.109243697,0.319327731,0.024563672,0.050420168,0.268342631
USA,Superman Batman Absolute Power - Absolute Power,USA,USA,USA,142,37,15,52,3.466666667,10,36.61971831,0.26056338,0.105633803,0.366197183,0.024413146,0.070422535,0.25788534
USA,The Agents,OEL manga,USA,OEL manga,254,47,37,84,2.27027027,4,33.07086614,0.18503937,0.145669291,0.330708661,0.008938072,0.015748031,0.13020026
USA,The Avengers - The Wrath of the Weathermen,USA,USA,USA,111,21,12,33,2.75,5,29.72972973,0.189189189,0.108108108,0.297297297,0.024774775,0.045045045,0.267835403
USA,The Blue Beetle - The MadMen,USA,USA,USA,125,38,25,63,2.52,8,50.4,0.304,0.2,0.504,0.02016,0.064,0.4032
USA,The Flame - Dr. Ivan's Insurance Bombing Racket.,USA,USA,USA,292,78,43,121,2.813953488,8,41.43835616,0.267123288,0.147260274,0.414383562,0.009636827,0.02739726,0.141912179
USA,The Flash - Flashing Wheels,USA,USA,USA,71,19,12,31,2.583333333,6,43.66197183,0.267605634,0.169014085,0.436619718,0.036384977,0.084507042,0.61495735
USA,The Incredible Hulk - Best Intentions,USA,USA,USA,110,26,16,42,2.625,4,38.18181818,0.236363636,0.145454545,0.381818182,0.023863636,0.036363636,0.347107438
USA,The Invincible Iron Man - Ten Rings to Rule the World,USA,USA,USA,87,29,18,47,2.611111111,5,54.02298851,0.333333333,0.206896552,0.540229885,0.030012771,0.057471264,0.620953891
USA,The Punisher - Blackout,USA,USA,USA,297,93,50,143,2.86,7,48.14814815,0.313131313,0.168350168,0.481481481,0.00962963,0.023569024,0.162114977
USA,The Punisher - Do Not Fall in New York City,USA,USA,USA,160,24,12,36,3,5,22.5,0.15,0.075,0.225,0.01875,0.03125,0.140625
USA,The Story of Roberto Clemente,USA,USA,USA,141,21,11,32,2.909090909,7,22.69503546,0.14893617,0.078014184,0.226950355,0.02063185,0.04964539,0.160957698
USA,Tokyo Knights,OEL manga,USA,OEL manga,152,36,17,53,3.117647059,8,34.86842105,0.236842105,0.111842105,0.348684211,0.020510836,0.052631579,0.229397507
USA,Twilight X,OEL manga,USA,OEL manga,160,45,28,73,2.607142857,6,45.625,0.28125,0.175,0.45625,0.016294643,0.0375,0.28515625
USA,Uncanny X-men,USA,USA,USA,300,46,30,76,2.533333333,4,25.33333333,0.153333333,0.1,0.253333333,0.008444444,0.013333333,0.084444444
USA,Venom: Funeral Pyre - High Tension,USA,USA,USA,95,24,19,43,2.263157895,4,45.26315789,0.252631579,0.2,0.452631579,0.023822715,0.042105263,0.476454294
USA,Wolverine - Not dead yet part,USA,USA,USA,156,70,34,104,3.058823529,6,66.66666667,0.448717949,0.217948718,0.666666667,0.019607843,0.038461538,0.427350427
USA,Wonder Woman - His Name is Psycho,USA,USA,USA,136,33,16,49,3.0625,10,36.02941176,0.242647059,0.117647059,0.360294118,0.022518382,0.073529412,0.264922145
USA,Wonder Woman - The Huntress,USA,USA,USA,106,48,24,72,3,5,67.9245283,0.452830189,0.226415094,0.679245283,0.028301887,0.047169811,0.640797437