country;fulltitle;country_OEL;continent;continent_OEL;panel#;charruns;charrunamount;charlength;charaveragelength;charmaxlength;charproportion;locationruns;locrunamount;loclength;locaveragelength;locmaxlength;locproportion;timeruns;timerunamount;timelength;timeaveragelength;timemaxlength;timeproportion;continuityruns;continuityrunamount;continuitylength;continuityaveragelength;continuitymaxlength;continuityproportion;discontinuity;discontinuityrunamount;discontinuitylength;discontinuitylength;discontinuitymaxlength;discontinuityproportion
Belgium/Flanders;Baxter - H2O;Belgium/Flanders;Europe;Europe;153;67;31;98;3.161290323;12;64.05228758;108;26;134;5.153846154;17;87.58169935;145;8;153;19.25;73;100;54;29;83;2.862068966;7;54.24836601;4;4;8;2;2;5.22875817
Belgium/Flanders;Bessy  - Ondergang in de grot;Belgium/Flanders;Europe;Europe;156;47;26;73;2.807692308;6;46.79487179;132;16;148;9.25;26;94.87179487;133;20;153;7.65;19;98.07692308;42;27;69;2.555555556;5;44.23076923;12;10;22;2.2;3;14.1025641
Belgium/Flanders;Bessy Natuurkommando - De nacht van de schildpad;Belgium/Flanders;Europe;Europe;153;45;31;76;2.451612903;5;49.67320261;109;24;133;5.541666667;22;86.92810458;136;16;152;9.5;30;99.34640523;38;26;64;2.461538462;5;41.83006536;11;11;22;2;2;14.37908497
Belgium/Flanders;Biebel - De Doos;Belgium/Flanders;Europe;Europe;151;64;33;97;2.939393939;10;64.2384106;135;12;148;12.33333333;66;98.01324503;147;4;151;38.25;64;100;63;32;95;2.96875;10;62.91390728;2;2;4;2;2;2.649006623
Belgium/Flanders;De avonturen van Johan en Stefan - De Zondebokken;Belgium/Flanders;Europe;Europe;149;53;31;84;2.709677419;6;56.37583893;117;17;134;7.882352941;19;89.93288591;145;1;146;146;0;97.98657718;45;29;74;2.551724138;6;49.66442953;1;1;2;2;2;1.342281879
Belgium/Flanders;De avonturen van Jommeke - De muzikale Bella;Belgium/Flanders;Europe;Europe;155;71;37;108;2.918918919;11;69.67741935;113;24;137;5.708333333;18;88.38709677;144;9;154;17.11111111;69;99.35483871;60;38;98;2.578947368;8;63.22580645;7;7;14;2;2;9.032258065
Belgium/Flanders;De avonturen van Nero en Co - De brief aan Nasser;Belgium/Flanders;Europe;Europe;158;54;29;83;2.862068966;6;52.53164557;121;25;146;5.84;16;92.40506329;151;7;79;11.28571429;33;50;50;29;79;2.724137931;6;50;6;6;12;2;2;7.594936709
Belgium/Flanders;De avonturen van Nero en Co - De hoorn des overvloeds;Belgium/Flanders;Europe;Europe;161;52;30;82;2.733333333;5;50.93167702;132;17;149;8.764705882;30;92.54658385;153;8;161;20.25;64;100;49;29;78;2.689655172;5;48.44720497;7;7;14;2;2;8.695652174
Belgium/Flanders;De Avonturen van Urbanus - Tegen de Dikkenekken;Belgium/Flanders;Europe;Europe;161;41;29;70;2.413793103;6;43.47826087;120;29;149;5.137931034;22;92.54658385;154;6;82;13.66666667;60;50.93167702;37;26;63;2.423076923;6;39.13043478;6;6;12;2;2;7.453416149
Belgium/Flanders;De Kiekeboes - Vluchtmisdrijf;Belgium/Flanders;Europe;Europe;151;58;30;88;2.933333333;6;58.2781457;115;27;142;5.259259259;20;94.0397351;142;9;151;16.77777778;30;100;52;29;81;2.793103448;6;53.64238411;8;8;16;2;2;10.59602649
Belgium/Flanders;De Kriegels - Happy Halloween, Mister Zablowski;Belgium/Flanders;Europe;Europe;150;22;16;38;2.375;4;25.33333333;107;28;135;4.821428571;15;90;128;20;148;7.4;31;98.66666667;21;17;38;2.235294118;4;25.33333333;20;18;38;2.111111111;3;25.33333333
Belgium/Flanders;De Rode Ridder - Het gebroken zwaard;Belgium/Flanders;Europe;Europe;157;57;26;83;3.192307692;6;52.86624204;134;15;149;9.933333333;28;94.9044586;154;3;72;24;70;45.85987261;52;26;78;3;6;49.68152866;0;0;0;0;0;0
Belgium/Flanders;De rode ridder - Kerwyn de Magiër;Belgium/Flanders;Europe;Europe;155;49;27;76;2.814814815;5;49.03225806;126;20;146;7.3;29;94.19354839;140;14;154;11;47;99.35483871;41;28;69;2.464285714;5;44.51612903;6;6;12;2;2;7.741935484
Belgium/Flanders;De Spookjes - Spoken en piraten;Belgium/Flanders;Europe;Europe;151;14;10;24;2.4;3;15.89403974;111;25;136;5.44;12;90.06622517;141;7;148;21.14285714;37;98.01324503;14;10;24;2.4;3;15.89403974;9;6;15;2.5;4;9.933774834
Belgium/Flanders;De Vrolijke Bengels;Belgium/Flanders;Europe;Europe;152;24;19;43;2.263157895;3;28.28947368;78;38;116;3.052631579;8;76.31578947;133;19;152;8;9;100;18;15;33;2.2;3;21.71052632;0;0;0;0;0;0
Belgium/Flanders;Detective Van Zwam - Het Geheim van Matsuoka;Belgium/Flanders;Europe;Europe;156;69;30;99;3.3;7;63.46153846;135;16;151;9.4375;45;96.79487179;148;6;154;25.66666667;50;98.71794872;64;32;96;3;7;61.53846154;7;6;13;2.166666667;3;8.333333333
Belgium/Flanders;F.C. De Kampioenen - Miss Moeial;Belgium/Flanders;Europe;Europe;155;39;23;62;2.695652174;8;40;135;10;145;14.5;43;93.5483871;142;10;152;15.2;37;98.06451613;39;23;62;2.695652174;8;40;9;7;16;2.285714286;3;10.32258065
Belgium/Flanders;FC Schwalbe - Daar is 'm ;Belgium/Flanders;Europe;Europe;151;55;30;85;2.833333333;6;56.29139073;114;26;140;5.384615385;10;92.71523179;131;19;150;7.894736842;10;99.33774834;50;27;77;2.851851852;6;50.99337748;1;1;2;2;2;1.324503311
Belgium/Flanders;Het Grote Kabouter Wesley Boek;Belgium/Flanders;Europe;Europe;168;56;23;79;3.434782609;10;47.02380952;138;19;157;8.263157895;24;93.45238095;160;8;168;21;24;100;55;23;78;3.391304348;10;46.42857143;1;1;2;2;2;1.19047619
Belgium/Flanders;Jan Zonder Vrees;Belgium/Flanders;Europe;Europe;151;40;21;61;2.904761905;6;40.39735099;119;20;139;6.95;21;92.05298013;150;1;151;151;0;100;37;20;57;2.85;6;37.74834437;0;0;0;0;0;0
Belgium/Flanders;Jerom - De bronzen kabouter;Belgium/Flanders;Europe;Europe;150;46;29;75;2.586206897;5;50;98;31;129;4.161290323;17;86;135;14;149;10.64285714;24;99.33333333;40;27;67;2.481481481;4;44.66666667;10;10;20;2;2;13.33333333
Belgium/Flanders;Jommeke - Het piepend bed;Belgium/Flanders;Europe;Europe;154;37;27;64;2.37037037;6;41.55844156;133;19;152;8;30;98.7012987;151;3;36;12;26;23.37662338;34;26;60;2.307692308;4;38.96103896;1;1;2;2;2;1.298701299
Belgium/Flanders;K3 - De hoed van Ya Ya Yippee;Belgium/Flanders;Europe;Europe;154;54;24;78;3.25;20;50.64935065;138;13;151;11.61538462;42;98.05194805;151;3;61;20.33333333;57;39.61038961;49;23;72;3.130434783;17;46.75324675;0;0;0;0;0;0
Belgium/Flanders;Kari Lente & Co;Belgium/Flanders;Europe;Europe;150;47;26;73;2.807692308;10;48.66666667;113;19;132;6.947368421;23;88;144;4;64;16;53;42.66666667;42;23;65;2.826086957;10;43.33333333;4;3;7;2.333333333;3;4.666666667
Belgium/Flanders;Meesterwerken in Beeld - Robinson Crusoë;Belgium/Flanders;Europe;Europe;91;51;17;68;4;17;74.72527473;60;17;77;4.529411765;12;84.61538462;90;1;91;91;0;100;41;19;60;3.157894737;7;65.93406593;0;0;0;0;0;0
Belgium/Flanders;Otto - Op hete kolen;Belgium/Flanders;Europe;Europe;150;111;25;136;5.44;22;90.66666667;121;26;147;5.653846154;18;98;146;4;150;37.75;53;100;95;33;128;3.878787879;9;85.33333333;2;2;4;2;2;2.666666667
Belgium/Flanders;Piet Pienter en Bert Bibber - Invasie uit het heelal;Belgium/Flanders;Europe;Europe;160;42;27;69;2.555555556;8;43.125;101;27;128;4.740740741;35;80;138;14;153;10.92857143;66;95.625;35;24;59;2.458333333;5;36.875;21;14;35;2.5;4;21.875
Belgium/Flanders;Samson & Gert - De Vliegsiroop;Belgium/Flanders;Europe;Europe;153;66;27;93;3.444444444;17;60.78431373;110;24;134;5.583333333;17;87.58169935;145;7;153;21.85714286;72;100;59;27;86;3.185185185;17;56.20915033;7;6;13;2.166666667;3;8.496732026
Belgium/Flanders;Sloeber - Het Komplot;Belgium/Flanders;Europe;Europe;314;171;61;232;3.803278689;8;73.88535032;256;42;298;7.095238095;23;94.9044586;293;19;314;16.52631579;66;100;147;62;209;3.370967742;8;66.56050955;6;6;12;2;2;3.821656051
Belgium/Flanders;Suske en Wiske - De Poenschepper;Belgium/Flanders;Europe;Europe;161;58;34;92;2.705882353;8;57.14285714;122;27;149;5.518518519;22;92.54658385;146;13;159;12.23076923;49;98.75776398;52;33;85;2.575757576;5;52.79503106;11;10;21;2.1;3;13.04347826
Belgium/Flanders;Suske en Wiske - De snorrende snor;Belgium/Flanders;Europe;Europe;158;50;29;79;2.724137931;7;50;120;23;143;6.217391304;16;90.50632911;152;6;158;26.5;53;100;46;29;75;2.586206897;5;47.46835443;2;2;4;2;2;2.53164557
Belgium/Flanders;Suske en Wiske - De sprietatoom;Belgium/Flanders;Europe;Europe;156;66;35;101;2.885714286;8;64.74358974;127;19;146;7.684210526;18;93.58974359;153;3;46;15.33333333;25;29.48717949;59;35;94;2.685714286;6;60.25641026;1;1;2;2;2;1.282051282
Belgium/Flanders;Suske en Wiske - Het geheim van de Kalmhoutse heide;Belgium/Flanders;Europe;Europe;156;49;28;77;2.75;6;49.35897436;118;25;143;5.72;16;91.66666667;148;8;156;19.5;40;100;44;28;72;2.571428571;5;46.15384615;6;6;12;2;2;7.692307692
Belgium/Flanders;Suske en Wiske - Op het eiland Amoras;Belgium/Flanders;Europe;Europe;152;49;26;75;2.884615385;7;49.34210526;111;23;134;5.826086957;21;88.15789474;150;2;11;5.5;11;7.236842105;45;28;73;2.607142857;5;48.02631579;0;0;0;0;0;0
Belgium/Flanders;Suske en Wiske - Rikki en Wiske;Belgium/Flanders;Europe;Europe;152;62;30;92;3.066666667;8;60.52631579;112;25;137;5.48;19;90.13157895;147;4;152;38;53;100;54;32;86;2.6875;4;56.57894737;3;3;6;2;2;3.947368421
Belgium/Flanders;Thomas Pips - De rode Heks;Belgium/Flanders;Europe;Europe;308;107;44;151;3.431818182;18;49.02597403;258;39;297;7.615384615;20;96.42857143;304;4;10;2.5;10;3.246753247;95;42;137;3.261904762;11;44.48051948;1;1;2;2;2;0.649350649
Belgium/Flanders;W817 - Een keivet akke-fietje;Belgium/Flanders;Europe;Europe;152;51;23;74;3.217391304;12;48.68421053;120;17;137;8.058823529;16;90.13157895;141;10;151;15.1;44;99.34210526;46;21;67;3.19047619;11;44.07894737;8;8;16;2;2;10.52631579
Belgium/Flanders;Waterland - Onweer;Belgium/Flanders;Europe;Europe;137;27;18;45;2.5;4;32.84671533;112;13;125;9.615384615;36;91.24087591;117;15;132;8.8;30;96.35036496;22;16;38;2.375;4;27.73722628;9;6;15;2.5;3;10.94890511
Belgium/Flanders;Weer over naar jou;Belgium/Flanders;Europe;Europe;154;72;23;95;4.130434783;12;61.68831169;117;16;133;8.3125;38;86.36363636;138;8;72;9;25;46.75324675;63;20;83;4.15;9;53.8961039;5;4;9;2.25;3;5.844155844
Belgium/Flanders;Willeke - De draak van Kokoluput;Belgium/Flanders;Europe;Europe;304;81;55;136;2.472727273;4;44.73684211;264;27;291;10.77777778;44;95.72368421;295;9;35;3.888888889;15;11.51315789;71;51;122;2.392156863;4;40.13157895;5;5;10;2;2;3.289473684
China;1/2 Prince;China;Asia;Asia;100;22;14;36;2.571428571;5;36;88;7;96;13.71428571;69;96;39;21;60;2.857142857;7;60;11;8;19;2.375;4;19;6;5;11;2.2;3;11
China;Divine Melody;China;Asia;Asia;95;19;16;35;2.1875;5;36.84210526;64;10;74;7.4;24;77.89473684;65;11;76;6.909090909;15;80;15;12;27;2.25;5;28.42105263;19;10;29;2.9;5;30.52631579
China;Heaven Sword and Dragon Sabre  - The King of Gold Lion-Zhune Shai;China;Asia;Asia;161;40;26;66;2.538461538;5;40.99378882;130;16;64;4.266666667;12;39.7515528;153;7;160;22.85714286;42;99.37888199;34;23;57;2.47826087;4;35.40372671;3;3;6;2;2;3.726708075
China;Mega Dragon & Tiger Future Kung Fu Action;China;Asia;Asia;153;50;29;79;2.724137931;7;51.63398693;97;29;126;4.344827586;17;82.35294118;100;33;133;4.03030303;8;86.92810458;48;27;75;2.777777778;7;49.01960784;38;24;62;2.583333333;5;40.52287582
China;Saint Legend;China;Asia;Asia;314;111;64;175;2.734375;9;55.73248408;233;39;272;6.974358974;26;86.62420382;243;40;283;7.075;32;90.12738854;82;50;132;2.64;5;42.03821656;22;18;40;2.222222222;4;12.7388535
China;SNK vs. Capcom: SVC Chaos;China;Asia;Asia;150;40;29;69;2.379310345;4;46;134;9;143;15.88888889;50;95.33333333;102;29;131;4.517241379;17;87.33333333;28;20;48;2.4;4;32;9;8;17;2.125;3;11.33333333
China;Storm Riders;China;Asia;Asia;295;94;54;148;2.740740741;10;50.16949153;244;29;274;9.448275862;54;92.88135593;220;49;269;5.489795918;18;91.18644068;60;43;103;2.395348837;6;34.91525424;20;17;37;2.176470588;3;12.54237288
China;SVC Chaos: SNK vs Capcom ;China;Asia;Asia;88;20;15;35;2.333333333;3;39.77272727;74;8;82;10.25;28;93.18181818;50;22;72;3.272727273;10;81.81818182;11;9;20;2.222222222;3;22.72727273;8;8;16;2;2;18.18181818
China;The King of Fighters;China;Asia;Asia;158;41;29;70;2.413793103;5;44.30379747;138;13;151;11.61538462;46;95.56962025;133;20;153;7.65;36;96.83544304;31;24;55;2.291666667;4;34.81012658;10;10;20;2;2;12.65822785
China;The King of Fighters: 2003;China;Asia;Asia;164;48;34;82;2.411764706;5;50;148;13;163;12.53846154;54;99.3902439;122;29;151;5.206896552;20;92.07317073;40;29;69;2.379310345;5;42.07317073;11;11;22;2;2;13.41463415
China;Tiger x Crane Record of the Demon Master;China;Asia;Asia;121;27;17;44;2.588235294;5;36.36363636;117;4;48;16;26;39.66942149;54;19;73;3.842105263;9;60.33057851;14;10;24;2.4;4;19.83471074;2;2;4;2;2;3.305785124
China;Xiewang Lin Jie;China;Asia;Asia;341;107;53;160;3.018867925;8;46.92082111;304;30;334;11.13333333;39;97.94721408;242;81;323;3.987654321;23;94.72140762;83;51;134;2.62745098;6;39.29618768;16;16;32;2;2;9.384164223
China;Yin Zhi Shoumuren (Silver Gravekeeper);China;Asia;Asia;72;13;6;19;3.166666667;4;26.38888889;57;8;65;8.125;24;90.27777778;18;13;31;2.384615385;4;43.05555556;2;2;4;2;2;5.555555556;8;6;14;2.333333333;3;19.44444444
France;Abélard - Une brčve histoire de poussičre et de cendre;France;Europe;Europe;91;37;19;56;2.947368421;6;61.53846154;73;14;87;6.214285714;18;95.6043956;4;4;8;2;2;8.791208791;0;0;0;0;0;0;9;8;17;2.125;3;18.68131868
France;Alter Ego;France;Europe;Europe;156;52;24;76;3.166666667;12;48.71794872;113;21;134;6.380952381;21;85.8974359;148;8;73;9.125;33;46.79487179;45;22;67;3.045454545;7;42.94871795;7;7;14;2;2;8.974358974
France;Catman - Une aventure de Cliff Burton;France;Europe;Europe;310;113;62;175;2.822580645;6;56.4516129;181;60;241;4.016666667;17;77.74193548;263;36;299;8.305555556;27;96.4516129;94;55;149;2.709090909;6;48.06451613;39;32;71;2.21875;5;22.90322581
France;Child of the Storm;France;Europe;Europe;202;32;22;54;2.454545455;5;26.73267327;163;27;190;7.037037037;26;94.05940594;188;11;200;18.18181818;56;99.00990099;30;23;53;2.304347826;4;26.23762376;7;6;13;2.166666667;3;6.435643564
France;Donjon - La Fin du Donjon;France;Europe;Europe;544;203;98;301;3.071428571;13;55.33088235;449;54;503;9.314814815;43;92.46323529;219;22;243;11.04545455;58;44.66911765;73;37;110;2.972972973;13;20.22058824;41;34;75;2.205882353;4;13.78676471
France;Final Incal;France;Europe;Europe;410;96;62;158;2.548387097;5;38.53658537;246;67;315;4.632352941;22;76.82926829;378;27;405;15;49;98.7804878;67;50;117;2.34;5;28.53658537;26;24;50;2.083333333;3;12.19512195
France;La Vie En Rose - La Derničre Pluie;France;Europe;Europe;151;51;22;73;3.318181818;8;48.34437086;83;21;104;4.952380952;21;68.87417219;132;18;150;8.333333333;27;99.33774834;28;15;43;2.866666667;7;28.47682119;7;7;14;2;2;9.271523179
France;La Voyageuse de Petite Ceinture;France;Europe;Europe;306;179;42;221;5.261904762;19;72.22222222;168;38;206;5.421052632;16;67.32026144;287;10;145;14.5;46;47.38562092;107;46;153;3.326086957;10;50;12;6;18;3;4;5.882352941
France;Le Cahier ŕ Fleurs - Mauvaise Orchestration;France;Europe;Europe;306;47;38;85;2.236842105;4;27.77777778;210;59;269;4.559322034;16;87.90849673;224;52;276;5.307692308;30;90.19607843;43;36;79;2.194444444;4;25.81699346;44;33;77;2.333333333;5;25.16339869
France;Le Muret;France;Europe;Europe;146;92;20;112;5.6;14;76.71232877;96;16;112;7;19;76.71232877;136;7;143;20.42857143;47;97.94520548;65;20;85;4.25;14;58.21917808;1;1;2;2;2;1.369863014
France;Le Soldat;France;Europe;Europe;368;105;48;153;3.1875;8;41.57608696;308;44;352;8;20;95.65217391;346;16;366;22.875;71;99.45652174;92;51;143;2.803921569;8;38.85869565;5;4;9;2.25;3;2.445652174
France;LoRaNnE - Frisco;France;Europe;Europe;318;86;39;125;3.205128205;11;39.3081761;211;42;253;6.023809524;23;79.55974843;261;37;298;8.054054054;44;93.71069182;58;35;93;2.657142857;7;29.24528302;23;17;40;2.352941176;6;12.57861635
France;Marsupilami: Sur la piste du Marsupilami;France;Europe;Europe;529;194;76;270;3.552631579;15;51.03969754;366;79;445;5.632911392;16;84.12098299;33;30;63;2.1;3;11.90926276;0;0;0;0;0;0;104;57;161;2.824561404;8;30.43478261
France;Metabarons Genesis: Castaka;France;Europe;Europe;297;42;29;71;2.448275862;6;23.90572391;204;54;258;4.777777778;22;86.86868687;262;18;195;10.83333333;28;65.65656566;35;23;58;2.52173913;6;19.52861953;18;13;31;2.384615385;4;10.43771044
France;Notre Dame - Le Jour des Fous;France;Europe;Europe;314;37;22;59;2.681818182;11;18.78980892;127;17;144;8.470588235;32;45.85987261;265;34;215;6.323529412;42;68.47133758;57;30;87;2.9;11;27.70700637;20;13;33;2.538461538;6;10.50955414
France;Percy Shelley;France;Europe;Europe;146;32;18;50;2.777777778;7;34.24657534;117;12;129;10.75;45;88.35616438;76;27;103;3.814814815;13;70.54794521;21;11;32;2.909090909;6;21.91780822;16;11;27;2.454545455;4;18.49315068
France;Pietrolino;France;Europe;Europe;147;20;13;33;2.538461538;4;22.44897959;138;9;66;8.25;20;44.89795918;121;22;143;6.5;35;97.27891156;14;12;26;2.166666667;3;17.68707483;3;3;6;2;2;4.081632653
France;Screaming Planet - Eucharist Sun;France;Europe;Europe;54;18;10;28;2.8;4;51.85185185;30;8;38;4.75;9;70.37037037;50;4;54;13.5;27;100;15;7;22;3.142857143;4;40.74074074;3;3;6;2;2;11.11111111
France;Screaming Planet - The Guilt;France;Europe;Europe;94;29;17;46;2.705882353;8;48.93617021;68;7;75;10.71428571;26;79.78723404;84;4;88;22;41;93.61702128;26;14;40;2.857142857;8;42.55319149;5;3;8;2.666666667;4;8.510638298
France;Screaming Planet - The Invasion;France;Europe;Europe;158;40;27;67;2.481481481;6;42.40506329;111;22;133;6.045454545;16;84.17721519;149;8;157;19.625;47;99.36708861;37;26;63;2.423076923;5;39.87341772;5;5;10;2;2;6.329113924
France;Screaming Planet - The Last Word;France;Europe;Europe;36;5;3;8;2.666666667;4;22.22222222;14;5;19;3.8;7;52.77777778;31;4;35;8.75;12;97.22222222;3;3;6;2;2;16.66666667;1;1;2;2;2;5.555555556
France;Skipper - Somalia;France;Europe;Europe;151;32;16;48;3;8;31.78807947;111;16;127;7.9375;18;84.10596026;143;5;149;29.8;70;98.67549669;25;13;38;2.923076923;8;25.16556291;2;1;3;3;3;1.986754967
France;Trans-Amazonie - La Chute du Masque;France;Europe;Europe;149;25;15;40;2.666666667;5;26.84563758;91;25;116;4.64;21;77.85234899;144;5;149;30;63;100;19;13;32;2.461538462;5;21.47651007;3;3;6;2;2;4.026845638
France;Tsunami;France;Europe;Europe;93;19;8;27;3.375;8;29.03225806;57;7;64;9.142857143;27;68.8172043;79;7;86;12.28571429;37;92.47311828;7;5;12;2.4;3;12.90322581;11;8;19;2.375;4;20.43010753
France;Une Folie Trčs Ordinaire;France;Europe;Europe;182;68;31;99;3.193548387;8;54.3956044;111;27;138;5.111111111;22;75.82417582;174;5;28;5.6;11;15.38461538;44;25;69;2.76;6;37.91208791;3;3;6;2;2;3.296703297
Germany; Larry Potter;Germany;Europe;Europe;152;86;25;111;4.44;18;73.02631579;126;18;145;8.055555556;53;95.39473684;139;10;150;15;73;98.68421053;77;25;102;4.08;13;67.10526316;0;0;0;0;0;0
Germany;Die Band;Germany;Europe;Europe;310;69;34;103;3.029411765;7;33.22580645;204;46;250;5.434782609;16;80.64516129;272;29;151;5.206896552;17;48.70967742;57;29;86;2.965517241;7;27.74193548;19;15;34;2.266666667;4;10.96774194
Germany;Fix und Foxi;Germany;Europe;Europe;151;42;23;65;2.826086957;10;43.04635762;125;17;142;8.352941176;26;94.0397351;140;10;151;15.1;62;100;35;21;56;2.666666667;8;37.08609272;3;3;6;2;2;3.973509934
Germany;König Kobra;Germany;Europe;Europe;155;34;24;58;2.416666667;5;37.41935484;108;19;127;6.684210526;21;81.93548387;95;34;129;3.794117647;10;83.22580645;25;19;44;2.315789474;5;28.38709677;25;9;34;3.777777778;8;21.93548387
Germany;Moga Mobo;Germany;Europe;Europe;441;95;57;152;2.666666667;6;34.46712018;238;58;296;5.103448276;48;67.12018141;431;8;153;19.125;57;34.69387755;65;38;103;2.710526316;6;23.35600907;2;2;4;2;2;0.907029478
Germany;Mulle - Das Beliebteste Pferd der Welt;Germany;Europe;Europe;5;1;1;2;2;2;40;0;0;0;0;0;0;4;1;5;5;5;100;0;0;0;0;0;0;0;0;0;0;0;0
Germany;Mulle - Das geplagteste Pferd der Welt;Germany;Europe;Europe;5;3;1;4;4;4;80;2;1;3;3;3;60;4;1;5;5;5;100;1;1;2;2;2;40;0;0;0;0;0;0
Germany;Mulle - Das lauteste Pferd der Welt;Germany;Europe;Europe;5;2;2;4;2;2;80;0;0;0;0;0;0;4;1;5;5;5;100;0;0;0;0;0;0;0;0;0;0;0;0
Germany;Mulle - Das sportlichste Pferd der Welt;Germany;Europe;Europe;5;2;1;3;3;3;60;4;1;5;5;5;100;4;1;5;5;5;100;2;1;3;3;3;60;0;0;0;0;0;0
Germany;Mulle - das Teufelspferd;Germany;Europe;Europe;19;13;4;17;4.25;7;89.47368421;9;4;13;3.25;5;68.42105263;18;1;19;19;19;100;7;4;11;2.75;5;57.89473684;0;0;0;0;0;0
Germany;Mulle - Das Turbo-Pferd;Germany;Europe;Europe;11;5;2;7;3.5;4;63.63636364;4;2;6;3;4;54.54545455;10;1;11;11;11;100;3;2;5;2.5;3;45.45454545;0;0;0;0;0;0
Germany;Mulle - Das ungluecklichste Pferd der Welt;Germany;Europe;Europe;5;4;1;5;5;5;100;1;1;2;2;2;40;4;1;5;5;5;100;2;1;3;3;3;60;0;0;0;0;0;0
Germany;Mulle - Das verfressenste Pferd der Welt;Germany;Europe;Europe;5;2;1;3;3;3;60;1;1;2;2;2;40;4;1;5;5;5;100;0;0;0;0;0;0;0;0;0;0;0;0
Germany;Mulle - Das verrueckteste Pferd der Welt;Germany;Europe;Europe;5;1;1;2;2;2;40;4;1;5;5;5;100;4;1;5;5;5;100;2;1;3;3;3;60;0;0;0;0;0;0
Germany;Mulle - im Rueckwaertsgang;Germany;Europe;Europe;18;8;4;12;3;5;66.66666667;14;3;17;5.666666667;8;94.44444444;17;1;18;18;18;100;8;4;12;3;5;66.66666667;0;0;0;0;0;0
Germany;Mulle - Mulle dreht voll auf;Germany;Europe;Europe;50;5;3;8;2.666666667;3;16;17;9;26;2.888888889;5;52;46;3;49;16.33333333;28;98;5;3;8;2.666666667;3;16;2;2;4;2;2;8
Germany;Mulle - wird spruchreif;Germany;Europe;Europe;24;9;6;15;2.5;4;62.5;14;5;19;3.8;7;79.16666667;23;1;24;24;24;100;9;6;15;2.5;4;62.5;0;0;0;0;0;0
Germany;Operation Odin;Germany;Europe;Europe;161;30;18;48;2.666666667;7;29.8136646;83;31;114;3.677419355;8;70.80745342;147;11;159;14.45454545;59;98.75776398;22;13;35;2.692307692;4;21.73913043;13;12;25;2.083333333;3;15.52795031
Germany;Werner;Germany;Europe;Europe;153;101;25;126;5.04;20;82.35294118;139;10;149;14.9;36;97.38562092;145;6;151;25.16666667;39;98.69281046;99;25;124;4.96;20;81.04575163;6;5;11;2.2;3;7.189542484
Japan;12 sai. ~Kokoro~;Japan;Asia;Asia;284;50;29;79;2.724137931;8;27.81690141;259;17;276;17.25;62;97.18309859;238;27;266;9.851851852;62;93.66197183;45;26;71;2.730769231;7;25;16;12;28;2.333333333;3;9.85915493
Japan;Absolute Boyfriend;Japan;Asia;Asia;200;23;16;39;2.4375;4;19.5;168;18;186;10.33333333;38;93;160;26;187;7.192307692;56;93.5;19;15;34;2.266666667;4;17;14;12;26;2.166666667;3;13
Japan;Ahiru No Sora;Japan;Asia;Asia;103;24;15;39;2.6;4;37.86407767;49;19;68;3.578947368;13;66.01941748;77;13;90;6.923076923;18;87.37864078;10;9;19;2.111111111;3;18.44660194;12;9;21;2.333333333;3;20.38834951
Japan;Air Gear;Japan;Asia;Asia;218;25;20;45;2.25;5;20.64220183;165;30;195;6.5;18;89.44954128;102;53;155;2.924528302;10;71.10091743;14;11;25;2.272727273;5;11.46788991;23;20;43;2.15;3;19.72477064
Japan;Ansatsu Kyoushitsu;Japan;Asia;Asia;284;17;14;31;2.214285714;3;10.91549296;176;50;226;4.52;19;79.57746479;198;57;255;4.473684211;15;89.78873239;13;11;24;2.181818182;3;8.450704225;25;21;46;2.19047619;3;16.1971831
Japan;Ao no Exorcist;Japan;Asia;Asia;336;88;65;153;2.353846154;4;45.53571429;283;44;327;7.431818182;28;97.32142857;162;84;246;2.928571429;15;73.21428571;48;40;88;2.2;3;26.19047619;13;12;25;2.083333333;3;7.44047619
Japan;Ashi-Girl;Japan;Asia;Asia;192;38;32;70;2.1875;4;36.45833333;156;20;176;8.8;33;91.66666667;138;27;114;4.222222222;14;59.375;28;23;51;2.217391304;4;26.5625;16;11;27;2.454545455;3;14.0625
Japan;Assassination Classroom;Japan;Asia;Asia;189;34;21;55;2.619047619;5;29.1005291;129;19;148;7.789473684;37;78.30687831;124;27;151;5.592592593;23;79.89417989;31;20;51;2.55;5;26.98412698;45;14;59;4.214285714;8;31.21693122
Japan;Attack on Titan;Japan;Asia;Asia;90;13;8;21;2.625;4;23.33333333;78;8;86;10.75;35;95.55555556;69;11;80;7.272727273;17;88.88888889;4;4;8;2;2;8.888888889;5;3;8;2.666666667;3;8.888888889
Japan;Baby and Me;Japan;Asia;Asia;198;36;18;54;3;5;27.27272727;166;22;188;8.545454545;19;94.94949495;179;12;192;16;66;96.96969697;33;18;51;2.833333333;5;25.75757576;4;3;7;2.333333333;3;3.535353535
Japan;Baby Steps;Japan;Asia;Asia;89;26;14;40;2.857142857;5;44.94382022;58;15;73;4.866666667;12;82.02247191;54;18;72;4;14;80.8988764;16;12;28;2.333333333;3;31.46067416;15;11;26;2.363636364;3;29.21348315
Japan;Beelzebub;Japan;Asia;Asia;191;39;25;64;2.56;5;33.5078534;155;26;181;6.961538462;20;94.76439791;59;35;94;2.685714286;7;49.21465969;17;10;27;2.7;5;14.13612565;18;15;33;2.2;3;17.27748691
Japan;Big Windup!;Japan;Asia;Asia;93;23;15;38;2.533333333;4;40.86021505;43;18;61;3.388888889;17;65.59139785;68;10;78;7.8;17;83.87096774;21;14;35;2.5;4;37.6344086;19;10;29;2.9;5;31.1827957
Japan;Billy Bat;Japan;Asia;Asia;99;29;17;46;2.705882353;7;46.46464646;93;4;97;24.25;33;97.97979798;83;12;95;7.916666667;15;95.95959596;25;15;40;2.666666667;7;40.4040404;2;2;4;2;2;4.04040404
Japan;Bleach;Japan;Asia;Asia;283;72;42;114;2.714285714;6;40.28268551;251;21;273;13;70;96.4664311;222;38;261;6.868421053;70;92.22614841;59;40;99;2.475;4;34.98233216;15;12;27;2.25;4;9.540636042
Japan;Blue Something;Japan;Asia;Asia;254;48;38;86;2.263157895;4;33.85826772;148;45;193;4.288888889;14;75.98425197;134;59;193;3.271186441;9;75.98425197;33;28;61;2.178571429;4;24.01574803;75;25;100;4;15;39.37007874
Japan;Bread & Butter;Japan;Asia;Asia;296;59;47;106;2.255319149;5;35.81081081;200;46;246;5.347826087;31;83.10810811;160;64;224;3.5;10;75.67567568;44;35;79;2.257142857;5;26.68918919;71;41;112;2.731707317;6;37.83783784
Japan;Cage of Eden;Japan;Asia;Asia;293;17;17;34;2;2;11.60409556;248;38;286;7.526315789;48;97.6109215;96;65;161;2.476923077;5;54.94880546;8;8;16;2;2;5.460750853;12;10;22;2.2;3;7.508532423
Japan;Captain Tsubasa;Japan;Asia;Asia;80;19;11;30;2.727272727;5;37.5;53;17;70;4.117647059;12;87.5;40;16;56;3.5;8;70;6;5;11;2.2;3;13.75;13;11;24;2.181818182;3;30
Japan;Chairman Shima Kosaku;Japan;Asia;Asia;126;13;8;21;2.625;6;16.66666667;99;18;117;6.5;15;92.85714286;97;18;115;6.388888889;17;91.26984127;8;4;12;3;5;9.523809524;17;12;29;2.416666667;3;23.01587302
Japan;Claymore;Japan;Asia;Asia;285;50;45;95;2.111111111;3;33.33333333;241;32;273;8.53125;35;95.78947368;142;54;196;3.62962963;10;68.77192982;17;16;33;2.0625;3;11.57894737;8;7;15;2.142857143;3;5.263157895
Japan;Clover: Trefle;Japan;Asia;Asia;198;48;24;72;3;7;36.36363636;118;33;151;4.575757576;10;76.26262626;97;19;116;6.105263158;28;58.58585859;27;14;41;2.928571429;7;20.70707071;51;23;74;3.217391304;12;37.37373737
Japan;Crimson Hero;Japan;Asia;Asia;203;17;16;33;2.0625;3;16.25615764;147;36;183;5.083333333;13;90.14778325;133;35;168;4.8;17;82.75862069;10;9;19;2.111111111;3;9.359605911;25;17;42;2.470588235;5;20.68965517
Japan;D.N. Angel;Japan;Asia;Asia;61;31;9;40;4.444444444;10;65.57377049;58;3;61;20.66666667;55;100;45;10;55;5.5;11;90.16393443;22;10;32;3.2;5;52.45901639;0;0;0;0;0;0
Japan;Dolly Kanon;Japan;Asia;Asia;293;37;32;69;2.15625;4;23.54948805;262;22;284;12.90909091;38;96.92832765;229;39;268;6.871794872;37;91.46757679;23;18;41;2.277777778;4;13.99317406;16;14;30;2.142857143;3;10.23890785
Japan;Dragon Ball;Japan;Asia;Asia;55;14;10;24;2.4;3;43.63636364;46;5;51;10.2;39;92.72727273;46;6;52;8.666666667;29;94.54545455;11;9;20;2.222222222;3;36.36363636;4;3;7;2.333333333;3;12.72727273
Japan;Fairy Tail;Japan;Asia;Asia;426;75;41;116;2.829268293;7;27.23004695;384;33;417;12.63636364;33;97.88732394;166;87;253;2.908045977;16;59.38967136;44;29;73;2.517241379;6;17.13615023;21;19;40;2.105263158;4;9.389671362
Japan;Gangoose;Japan;Asia;Asia;204;48;24;72;3;11;35.29411765;160;31;191;6.161290323;21;93.62745098;138;30;168;5.6;19;82.35294118;30;19;49;2.578947368;5;24.01960784;18;13;31;2.384615385;4;15.19607843
Japan;Giant Killing;Japan;Asia;Asia;194;16;12;28;2.333333333;4;14.43298969;153;14;69;5.307692308;17;35.56701031;94;36;130;3.611111111;10;67.01030928;15;12;27;2.25;4;13.91752577;33;14;47;3.357142857;6;24.22680412
Japan;Gintama;Japan;Asia;Asia;212;50;21;71;3.380952381;8;33.49056604;136;26;162;6.230769231;20;76.41509434;132;32;164;5.125;41;77.35849057;44;20;64;3.2;8;30.18867925;59;25;84;3.36;10;39.62264151
Japan;Gurazeni;Japan;Asia;Asia;238;19;16;35;2.1875;3;14.70588235;181;24;205;8.541666667;32;86.13445378;193;27;220;8.148148148;28;92.43697479;5;4;9;2.25;3;3.781512605;18;16;34;2.125;4;14.28571429
Japan;Haikyu!!;Japan;Asia;Asia;121;33;18;51;2.833333333;5;42.14876033;69;28;97;3.464285714;7;80.16528926;59;25;84;3.36;8;69.4214876;7;6;13;2.166666667;3;10.74380165;19;15;34;2.266666667;4;28.09917355
Japan;Haikyuu!!;Japan;Asia;Asia;203;25;21;46;2.19047619;3;22.66009852;162;21;183;8.714285714;45;90.14778325;146;36;182;5.055555556;19;89.65517241;20;17;37;2.176470588;3;18.22660099;30;19;49;2.578947368;4;24.13793103
Japan;Hikaru No Go;Japan;Asia;Asia;106;45;18;63;3.5;12;59.43396226;100;4;105;26.25;58;99.05660377;86;16;102;6.375;22;96.22641509;42;20;62;3.1;12;58.49056604;3;3;6;2;2;5.660377358
Japan;History's Strongest Disciple Keichi;Japan;Asia;Asia;198;23;23;46;2;2;23.23232323;167;19;186;9.789473684;48;93.93939394;103;45;148;3.288888889;11;74.74747475;17;17;34;2;2;17.17171717;10;8;18;2.25;3;9.090909091
Japan;HunterXHunter;Japan;Asia;Asia;101;35;17;52;3.058823529;8;51.48514851;81;12;93;7.75;18;92.07920792;70;15;85;5.666666667;17;84.15841584;29;14;43;3.071428571;8;42.57425743;11;7;18;2.571428571;4;17.82178218
Japan;Ihoujin;Japan;Asia;Asia;250;42;28;70;2.5;6;28;217;18;235;13.05555556;25;94;196;35;231;6.6;50;92.4;32;20;52;2.6;6;20.8;12;7;19;2.714285714;7;7.6
Japan;Iromen ~Juunintoiro~;Japan;Asia;Asia;165;38;20;58;2.9;6;35.15151515;141;18;159;8.833333333;30;96.36363636;136;24;160;6.666666667;16;96.96969697;31;19;50;2.631578947;6;30.3030303;13;10;23;2.3;3;13.93939394
Japan;Kakukaku Shikajika;Japan;Asia;Asia;198;54;35;89;2.542857143;4;44.94949495;147;20;167;8.35;26;84.34343434;147;20;168;8.4;53;84.84848485;38;24;62;2.583333333;4;31.31313131;22;14;36;2.571428571;4;18.18181818
Japan;Kimi No Iru Machi;Japan;Asia;Asia;182;18;15;33;2.2;3;18.13186813;129;26;155;5.961538462;27;85.16483516;59;34;93;2.735294118;8;51.0989011;6;6;12;2;2;6.593406593;34;21;55;2.619047619;5;30.21978022
Japan;Kimi wa Sora no Subete;Japan;Asia;Asia;305;78;41;119;2.902439024;12;39.01639344;283;15;300;20;52;98.36065574;253;36;238;6.611111111;27;78.03278689;66;44;110;2.5;7;36.06557377;13;10;23;2.3;3;7.540983607
Japan;Kocchi Muite! Miiko;Japan;Asia;Asia;152;8;7;15;2.142857143;3;9.868421053;137;10;147;14.7;42;96.71052632;144;6;151;25.16666667;71;99.34210526;8;7;15;2.142857143;3;9.868421053;3;3;6;2;2;3.947368421
Japan;Kou no Dori;Japan;Asia;Asia;198;15;11;26;2.363636364;3;13.13131313;177;13;191;14.69230769;54;96.46464646;157;19;177;9.315789474;54;89.39393939;9;7;16;2.285714286;3;8.080808081;11;8;19;2.375;3;9.595959596
Japan;Kuroko no Basket;Japan;Asia;Asia;84;27;10;37;3.7;9;44.04761905;60;14;74;5.285714286;12;88.0952381;43;17;60;3.529411765;9;71.42857143;9;8;17;2.125;3;20.23809524;6;6;12;2;2;14.28571429
Japan;Kuroko's Basketball;Japan;Asia;Asia;193;15;14;29;2.071428571;3;15.02590674;144;23;167;7.260869565;50;86.52849741;106;32;138;4.3125;11;71.50259067;11;10;21;2.1;3;10.88082902;43;19;62;3.263157895;7;32.12435233
Japan;Kyo wa Kaisha Yasumimasu;Japan;Asia;Asia;194;38;30;68;2.266666667;4;35.05154639;164;19;183;9.631578947;26;94.32989691;121;30;151;5.033333333;15;77.83505155;24;21;45;2.142857143;4;23.19587629;11;8;19;2.375;3;9.793814433
Japan;love?com;Japan;Asia;Asia;316;65;43;108;2.511627907;6;34.17721519;269;33;302;9.151515152;30;95.56962025;251;43;294;6.837209302;22;93.03797468;57;38;95;2.5;5;30.06329114;22;19;41;2.157894737;3;12.97468354
Japan;Magi: The Labyrinth of Magic;Japan;Asia;Asia;235;26;15;41;2.733333333;9;17.44680851;177;30;207;6.9;29;88.08510638;83;47;130;2.765957447;8;55.31914894;10;8;18;2.25;4;7.659574468;27;21;48;2.285714286;3;20.42553191
Japan;Marmalade Boy Little;Japan;Asia;Asia;248;39;32;71;2.21875;5;28.62903226;197;25;222;8.88;48;89.51612903;148;49;197;4.020408163;15;79.43548387;33;26;59;2.269230769;5;23.79032258;46;24;70;2.916666667;5;28.22580645
Japan;Moment -Eien no Isshun;Japan;Asia;Asia;296;57;32;89;2.78125;6;30.06756757;238;28;267;9.535714286;72;90.2027027;202;62;264;4.258064516;10;89.18918919;56;32;88;2.75;6;29.72972973;51;27;78;2.888888889;6;26.35135135
Japan;Nana;Japan;Asia;Asia;100;31;17;48;2.823529412;5;48;89;10;99;9.9;25;99;81;17;98;5.764705882;17;98;26;17;43;2.529411765;4;43;2;2;4;2;2;4
Japan;Naruto;Japan;Asia;Asia;315;84;46;130;2.826086957;11;41.26984127;273;27;300;11.11111111;40;95.23809524;254;35;289;8.257142857;26;91.74603175;73;44;117;2.659090909;9;37.14285714;17;13;30;2.307692308;3;9.523809524
Japan;Nisekoi;Japan;Asia;Asia;321;45;34;79;2.323529412;3;24.6105919;254;33;288;8.727272727;54;89.71962617;185;65;250;3.846153846;27;77.88161994;26;21;47;2.238095238;3;14.64174455;25;19;44;2.315789474;4;13.70716511
Japan;One Piece;Japan;Asia;Asia;308;52;34;86;2.529411765;4;27.92207792;198;63;261;4.142857143;14;84.74025974;211;41;252;6.146341463;30;81.81818182;30;18;48;2.666666667;4;15.58441558;49;32;81;2.53125;5;26.2987013
Japan;One Punch-Man ;Japan;Asia;Asia;192;47;32;79;2.46875;4;41.14583333;151;29;180;6.206896552;45;93.75;89;45;134;2.977777778;6;69.79166667;18;14;32;2.285714286;3;16.66666667;15;14;29;2.071428571;3;15.10416667
Japan;Oyasumi Memories;Japan;Asia;Asia;282;60;38;98;2.578947368;6;34.75177305;254;23;278;12.08695652;62;98.58156028;249;30;280;9.333333333;62;99.29078014;52;36;88;2.444444444;6;31.20567376;12;11;23;2.090909091;3;8.156028369
Japan;Poison Berry in my Brain;Japan;Asia;Asia;138;19;16;35;2.1875;3;25.36231884;95;25;120;4.8;9;86.95652174;102;21;123;5.857142857;42;89.13043478;15;13;28;2.153846154;3;20.28985507;17;11;28;2.545454545;3;20.28985507
Japan;Psyren;Japan;Asia;Asia;200;21;20;41;2.05;3;20.5;156;24;181;7.541666667;69;90.5;130;32;162;5.0625;20;81;17;16;33;2.0625;3;16.5;29;20;49;2.45;5;24.5
Japan;Regalo;Japan;Asia;Asia;240;34;24;58;2.416666667;4;24.16666667;178;34;212;6.235294118;36;88.33333333;154;38;192;5.052631579;35;80;21;17;38;2.235294118;3;15.83333333;34;22;56;2.545454545;6;23.33333333
Japan;Rurouni Kenshin;Japan;Asia;Asia;102;44;18;62;3.444444444;10;60.78431373;92;5;97;19.4;44;95.09803922;62;12;74;6.166666667;20;72.54901961;23;12;35;2.916666667;7;34.31372549;0;0;0;0;0;0
Japan;Saireen;Japan;Asia;Asia;100;42;14;56;4;14;56;79;9;88;9.777777778;30;88;58;29;87;3;6;87;26;15;41;2.733333333;6;41;8;7;15;2.142857143;3;15
Japan;Saiyuki;Japan;Asia;Asia;81;43;15;58;3.866666667;6;71.60493827;76;4;81;20.25;69;100;68;9;77;8.555555556;17;95.0617284;32;16;48;3;4;59.25925926;1;1;2;2;2;2.469135802
Japan;Shokugeki No Soma;Japan;Asia;Asia;475;84;53;137;2.58490566;8;28.84210526;362;58;420;7.24137931;28;88.42105263;250;89;339;3.808988764;16;71.36842105;70;46;116;2.52173913;8;24.42105263;78;39;117;3;12;24.63157895
Japan;Slam Dunk;Japan;Asia;Asia;86;22;15;37;2.466666667;3;43.02325581;49;22;71;3.227272727;8;82.55813953;48;12;60;5;12;69.76744186;7;7;14;2;2;16.27906977;12;11;23;2.090909091;3;26.74418605
Japan;The Prince of Tennis;Japan;Asia;Asia;72;30;12;42;3.5;6;58.33333333;58;11;69;6.272727273;13;95.83333333;44;13;57;4.384615385;12;79.16666667;9;7;16;2.285714286;3;22.22222222;2;2;4;2;2;5.555555556
Japan;The World God Only Knows;Japan;Asia;Asia;291;67;47;114;2.425531915;4;39.17525773;223;44;267;6.068181818;23;91.75257732;152;68;220;3.235294118;9;75.60137457;43;32;75;2.34375;3;25.77319588;23;17;40;2.352941176;3;13.74570447
Japan;Touch;Japan;Asia;Asia;110;52;19;71;3.736842105;11;64.54545455;95;8;103;12.875;39;93.63636364;70;17;87;5.117647059;11;79.09090909;19;14;33;2.357142857;4;30;3;3;6;2;2;5.454545455
Japan;Trinity Seven;Japan;Asia;Asia;222;28;20;48;2.4;5;21.62162162;204;12;217;18.08333333;73;97.74774775;118;48;166;3.458333333;9;74.77477477;23;17;40;2.352941176;5;18.01801802;2;2;4;2;2;1.801801802
Japan;Vagabond;Japan;Asia;Asia;190;32;24;59;2.36;4;31.05263158;147;21;170;7.727272727;39;89.47368421;103;35;138;3.942857143;14;72.63157895;19;17;36;2.117647059;4;18.94736842;31;17;48;2.823529412;7;25.26315789
Japan;Yu-Gi-Oh! 5D's;Japan;Asia;Asia;208;47;30;74;2.551724138;8;35.57692308;165;24;188;8.173913043;58;90.38461538;148;31;179;5.774193548;28;86.05769231;35;25;60;2.4;8;28.84615385;23;17;40;2.352941176;3;19.23076923
Korea;9 Faces of Love - Return of Princess Rouana;Korea;Asia;Asia;247;63;41;104;2.536585366;5;42.10526316;177;36;213;5.916666667;24;86.23481781;187;42;229;5.452380952;17;92.71255061;43;33;76;2.303030303;5;30.76923077;21;18;39;2.166666667;3;15.78947368
Korea;Aegis;Korea;Asia;Asia;170;28;18;46;2.555555556;4;27.05882353;152;16;168;10.5;33;98.82352941;139;24;163;6.791666667;29;95.88235294;25;16;41;2.5625;4;24.11764706;3;3;6;2;2;3.529411765
Korea;Boy of the Female Wolf;Korea;Asia;Asia;103;26;18;44;2.444444444;5;42.7184466;92;10;102;10.2;28;99.02912621;74;22;96;4.363636364;10;93.2038835;18;15;33;2.2;4;32.03883495;2;2;4;2;2;3.883495146
Korea;Emperor's Castle;Korea;Asia;Asia;128;14;10;24;2.4;3;18.75;85;19;104;5.473684211;15;81.25;65;24;89;3.708333333;10;69.53125;3;3;6;2;2;4.6875;20;10;30;3;7;23.4375
Korea;He was Cool;Korea;Asia;Asia;143;14;7;21;3;5;14.68531469;53;9;62;6.888888889;19;43.35664336;122;12;134;11.16666667;25;93.70629371;24;15;39;2.6;5;27.27272727;7;6;13;2.166666667;3;9.090909091
Korea;In The Starlight;Korea;Asia;Asia;163;45;24;69;2.875;6;42.33128834;134;19;153;8.052631579;26;93.86503067;109;33;142;4.303030303;13;87.11656442;36;21;57;2.714285714;5;34.96932515;6;6;12;2;2;7.36196319
Korea;Invincible Yeonbyeongeol;Korea;Asia;Asia;73;16;9;25;2.777777778;5;34.24657534;64;8;72;9;22;98.63013699;67;5;72;14.4;24;98.63013699;15;9;24;2.666666667;5;32.87671233;2;2;4;2;2;5.479452055
Korea;Kingdom of the Winds;Korea;Asia;Asia;68;9;9;18;2;2;26.47058824;40;14;54;3.857142857;10;79.41176471;54;13;67;5.153846154;17;98.52941176;5;5;10;2;2;14.70588235;4;4;8;2;2;11.76470588
Korea;Kwaidan;Korea;Asia;Asia;276;77;42;119;2.833333333;6;43.11594203;190;54;244;4.518518519;16;88.4057971;198;48;246;5.125;18;89.13043478;45;27;72;2.666666667;6;26.08695652;21;17;38;2.235294118;4;13.76811594
Korea;Lie to Me;Korea;Asia;Asia;166;23;22;45;2.045454545;3;27.10843373;113;28;141;5.035714286;29;84.93975904;126;30;156;5.2;20;93.97590361;10;10;20;2;2;12.04819277;8;8;16;2;2;9.638554217
Korea;The Breaker New Waves;Korea;Asia;Asia;102;33;18;51;2.833333333;11;50;71;15;86;5.733333333;19;84.31372549;69;26;95;3.653846154;9;93.1372549;18;12;30;2.5;5;29.41176471;8;7;15;2.142857143;3;14.70588235
Korea;The Color of Earth;Korea;Asia;Asia;228;62;32;94;2.9375;7;41.22807018;189;18;207;11.5;31;90.78947368;202;22;228;10.36363636;53;100;58;31;89;2.870967742;7;39.03508772;3;3;6;2;2;2.631578947
Korea;The Great Catsby;Korea;Asia;Asia;140;64;27;93;3.321428571;10;66.42857143;115;15;132;8.25;19;94.28571429;80;23;100;4.347826087;13;71.42857143;34;19;53;2.789473684;9;37.85714286;14;13;27;2.076923077;3;19.28571429
Korea;Zero/Six;Korea;Asia;Asia;142;28;18;46;2.555555556;5;32.3943662;99;17;116;6.823529412;22;81.69014085;87;27;114;4.222222222;11;80.28169014;16;11;27;2.454545455;4;19.01408451;12;9;21;2.333333333;3;14.78873239
Korea;Zippy Ziggy;Korea;Asia;Asia;78;23;10;33;3.3;5;42.30769231;59;13;72;5.538461538;12;92.30769231;67;7;74;10.57142857;16;94.87179487;18;11;29;2.636363636;4;37.17948718;1;1;2;2;2;2.564102564
Netherlands;Agent 327 - Dossier zevenslaper;Netherlands;Europe;Europe;304;131;50;181;3.62;8;59.53947368;252;35;287;8.2;41;94.40789474;287;13;133;10.23076923;34;43.75;127;47;174;3.70212766;8;57.23684211;14;12;26;2.166666667;3;8.552631579
Netherlands;Alle verhalen van Olie B. Bommel en Tom Poes - Zoals een Bommel betaamt;Netherlands;Europe;Europe;75;33;15;48;3.2;9;64;55;16;71;4.4375;12;94.66666667;69;6;75;12.5;44;100;26;17;43;2.529411765;5;57.33333333;4;4;8;2;2;10.66666667
Netherlands;Alleen op de wereld;Netherlands;Europe;Europe;155;45;26;71;2.730769231;6;45.80645161;111;32;143;4.46875;12;92.25806452;154;1;155;155;0;100;37;25;62;2.48;5;40;0;0;0;0;0;0
Netherlands;Ambrosius - De gefleste geesten;Netherlands;Europe;Europe;156;44;25;69;2.76;8;44.23076923;135;13;148;11.38461538;25;94.87179487;152;4;47;11.75;25;30.12820513;38;23;61;2.652173913;8;39.1025641;1;1;2;2;2;1.282051282
Netherlands;Baron van Tast tot Zeveren;Netherlands;Europe;Europe;300;128;58;186;3.206896552;7;62;243;40;283;7.075;33;94.33333333;290;10;300;30;35;100;115;56;171;3.053571429;6;57;0;0;0;0;0;0
Netherlands;Blook - De supermolekuul;Netherlands;Europe;Europe;159;80;36;116;3.222222222;9;72.95597484;138;14;152;10.85714286;29;95.59748428;156;3;78;26;67;49.05660377;76;37;113;3.054054054;7;71.06918239;2;2;4;2;2;2.51572327
Netherlands;Claudia Brucken - Operatie Sneeuw;Netherlands;Europe;Europe;308;145;54;199;3.685185185;14;64.61038961;229;51;280;5.490196078;27;90.90909091;287;21;308;14.76190476;53;100;140;55;195;3.545454545;14;63.31168831;18;18;36;2;2;11.68831169
Netherlands;De Argonautjes - De Onderwereld;Netherlands;Europe;Europe;154;47;23;70;3.043478261;7;45.45454545;133;18;151;8.388888889;22;98.05194805;148;6;44;7.333333333;29;28.57142857;47;23;70;3.043478261;7;45.45454545;5;5;10;2;2;6.493506494
Netherlands;De avonturen van Douwe Dabbert - Florijn de Flierefluiter;Netherlands;Europe;Europe;156;69;35;104;2.971428571;13;66.66666667;136;14;150;10.71428571;37;96.15384615;152;4;22;5.5;15;14.1025641;64;36;100;2.777777778;7;64.1025641;3;3;6;2;2;3.846153846
Netherlands;De avonturen van Johan en Stefan - De Zondebokken;Netherlands;Europe;Europe;149;51;30;81;2.7;7;54.36241611;111;18;129;7.166666667;14;86.57718121;139;7;147;21;54;98.65771812;42;27;69;2.555555556;6;46.30872483;7;7;14;2;2;9.395973154
Netherlands;De avonturen van Pinkie Pienter - Koning Neptunus helpt Pinkie;Netherlands;Europe;Europe;152;83;30;113;3.766666667;11;74.34210526;135;17;152;9;53;100;145;7;70;10;44;46.05263158;79;30;109;3.633333333;11;71.71052632;6;6;12;2;2;7.894736842
Netherlands;De avonturen van Pinkie Pienter - Vreemde bezoekers uit het heelal;Netherlands;Europe;Europe;151;81;27;108;4;11;71.52317881;110;29;139;4.793103448;11;92.05298013;145;6;151;25.16666667;45;100;61;30;91;3.033333333;7;60.26490066;4;4;8;2;2;5.298013245
Netherlands;De Familie Doorzon - Het geslacht doorzon;Netherlands;Europe;Europe;153;86;27;113;4.185185185;11;73.85620915;107;24;131;5.458333333;12;85.62091503;140;13;153;11.76923077;15;100;75;26;101;3.884615385;11;66.0130719;1;1;2;2;2;1.307189542
Netherlands;De Nakomertjes - Nooit meer uitslapen!;Netherlands;Europe;Europe;154;70;28;98;3.5;9;63.63636364;95;27;122;4.518518519;9;79.22077922;135;19;154;8.105263158;13;100;62;30;92;3.066666667;9;59.74025974;0;0;0;0;0;0
Netherlands;De ontdekking;Netherlands;Europe;Europe;302;71;24;95;3.958333333;18;31.45695364;117;41;158;3.853658537;20;52.31788079;297;5;217;43.4;65;71.85430464;58;21;79;3.761904762;18;26.1589404;3;3;6;2;2;1.986754967
Netherlands;De Ruyter - De Engelsen komen!;Netherlands;Europe;Europe;151;57;30;87;2.9;8;57.61589404;93;33;126;3.818181818;8;83.44370861;132;19;151;7.947368421;24;100;44;27;71;2.62962963;8;47.01986755;1;1;2;2;2;1.324503311
Netherlands;Dick Bos;Netherlands;Europe;Europe;100;54;19;73;3.842105263;16;73;60;23;83;3.608695652;9;83;99;1;100;100;0;100;33;17;50;2.941176471;8;50;0;0;0;0;0;0
Netherlands;Dik van Dieren en zo - De eerste 11 zaken;Netherlands;Europe;Europe;150;35;27;62;2.296296296;4;41.33333333;104;26;130;5;18;86.66666667;140;5;145;29;41;96.66666667;29;24;53;2.208333333;4;35.33333333;6;3;9;3;5;6
Netherlands;Don't panic!;Netherlands;Europe;Europe;152;36;22;58;2.636363636;6;38.15789474;117;28;145;5.178571429;14;95.39473684;137;15;152;10.13333333;20;100;31;21;52;2.476190476;6;34.21052632;13;13;26;2;2;17.10526316
Netherlands;Een avontuur van Elno - Déjŕ vu in sMon-Thang;Netherlands;Europe;Europe;150;44;28;72;2.571428571;5;48;116;21;137;6.523809524;22;91.33333333;125;24;149;6.208333333;16;99.33333333;34;21;55;2.619047619;5;36.66666667;13;13;26;2;2;17.33333333
Netherlands;Een avontuur van Roel Dijkstra - De superspits;Netherlands;Europe;Europe;152;54;28;82;2.928571429;7;53.94736842;127;19;146;7.684210526;18;96.05263158;147;5;55;11;39;36.18421053;45;28;73;2.607142857;5;48.02631579;0;0;0;0;0;0
Netherlands;Eric de Noorman - De Steen van Atlantis;Netherlands;Europe;Europe;152;67;30;97;3.233333333;10;63.81578947;109;27;136;5.037037037;15;89.47368421;145;7;23;3.285714286;7;15.13157895;47;27;74;2.740740741;5;48.68421053;5;5;10;2;2;6.578947368
Netherlands;Franka - Gangsterfilm;Netherlands;Europe;Europe;159;49;31;80;2.580645161;7;50.31446541;107;25;132;5.28;46;83.01886792;145;13;158;12.15384615;33;99.37106918;41;29;70;2.413793103;7;44.02515723;11;10;21;2.1;3;13.20754717
Netherlands;In The Pines: 5 murder ballads;Netherlands;Europe;Europe;139;74;29;103;3.551724138;13;74.10071942;117;15;132;8.8;27;94.96402878;132;7;139;19.85714286;32;100;71;29;100;3.448275862;13;71.94244604;6;6;12;2;2;8.633093525
Netherlands;Jan, Jans en de kinderen;Netherlands;Europe;Europe;610;364;114;478;4.192982456;12;78.36065574;481;90;571;6.344444444;12;93.60655738;537;72;609;8.458333333;12;99.83606557;356;110;466;4.236363636;12;76.39344262;1;1;2;2;2;0.327868852
Netherlands;Je geld of je leven;Netherlands;Europe;Europe;114;70;19;89;4.684210526;16;78.07017544;85;17;102;6;14;89.47368421;113;1;114;114;0;100;57;19;76;4;14;66.66666667;0;0;0;0;0;0
Netherlands;Joop Klepzeiker;Netherlands;Europe;Europe;154;84;26;110;4.230769231;10;71.42857143;125;20;145;7.25;11;94.15584416;137;17;154;9.058823529;11;100;82;25;107;4.28;10;69.48051948;0;0;0;0;0;0
Netherlands;Kapitein Rob  - De avonturen van het Zeilschip de Vrijheid;Netherlands;Europe;Europe;152;67;32;99;3.09375;12;65.13157895;86;28;114;4.071428571;16;75;133;16;149;9.3125;28;98.02631579;43;24;67;2.791666667;11;44.07894737;13;12;25;2.083333333;3;16.44736842
Netherlands;Mario en de toverpluisbloem;Netherlands;Europe;Europe;152;73;34;107;3.147058824;11;70.39473684;129;20;149;7.45;29;98.02631579;143;9;152;16.88888889;38;100;67;36;103;2.861111111;6;67.76315789;6;6;12;2;2;7.894736842
Netherlands;Noortje - Altijd opgeruimd;Netherlands;Europe;Europe;151;61;31;92;2.967741935;7;60.92715232;104;32;136;4.25;8;90.06622517;132;19;151;7.947368421;27;100;55;31;86;2.774193548;7;56.95364238;0;0;0;0;0;0
Netherlands;Panda - De olieboertjes;Netherlands;Europe;Europe;70;11;9;20;2.222222222;4;28.57142857;51;12;63;5.25;15;90;69;1;70;70;71;100;8;7;15;2.142857143;3;21.42857143;0;0;0;0;0;0
Netherlands;Quaco - Leven in slavernij;Netherlands;Europe;Europe;151;42;30;72;2.4;4;47.68211921;102;24;126;5.25;16;83.44370861;146;5;78;15.6;45;51.65562914;28;22;50;2.272727273;4;33.11258278;0;0;0;0;0;0
Netherlands;Rood - Feestje met de regen;Netherlands;Europe;Europe;161;50;33;83;2.515151515;4;51.55279503;102;36;138;3.833333333;12;85.71428571;125;36;161;4.472222222;12;100;43;31;74;2.387096774;4;45.96273292;0;0;0;0;0;0
Netherlands;Sjors & Sjimmie  - Van dik hout;Netherlands;Europe;Europe;151;60;39;99;2.538461538;6;65.56291391;95;35;130;3.714285714;10;86.09271523;137;14;151;10.78571429;34;100;50;34;84;2.470588235;6;55.62913907;8;8;16;2;2;10.59602649
Netherlands;Sjors en Sjimmie - Bij de Arabieren;Netherlands;Europe;Europe;137;30;17;47;2.764705882;7;34.30656934;117;19;136;7.157894737;11;99.27007299;120;17;137;8.058823529;11;100;29;16;45;2.8125;7;32.84671533;2;2;4;2;2;2.919708029
Netherlands;Sjors en Sjimmie - De geheimzinnige duikboot;Netherlands;Europe;Europe;155;57;30;87;2.9;12;56.12903226;104;29;133;4.586206897;14;85.80645161;136;17;153;9;14;98.70967742;47;28;75;2.678571429;11;48.38709677;5;5;10;2;2;6.451612903
Netherlands;Sjors, voorzitter van de Rebellenclub;Netherlands;Europe;Europe;154;80;37;117;3.162162162;11;75.97402597;112;27;139;5.148148148;12;90.25974026;141;13;154;11.84615385;12;100;70;37;107;2.891891892;7;69.48051948;0;0;0;0;0;0
Netherlands;Tom Poes - De liefdadiger;Netherlands;Europe;Europe;74;34;15;49;3.266666667;12;66.21621622;59;12;71;5.916666667;15;95.94594595;71;3;74;25;56;100;31;13;44;3.384615385;11;59.45945946;2;2;4;2;2;5.405405405
Netherlands;Tom Poes Weekblad 3 - Tom Poes en de geest in de fles;Netherlands;Europe;Europe;68;27;18;45;2.5;5;66.17647059;54;8;62;7.75;23;91.17647059;61;5;66;13.2;45;97.05882353;23;16;39;2.4375;5;57.35294118;4;3;7;2.333333333;3;10.29411765
Netherlands;Tom Poes Weekblad 3 - Tom Poes ontmoet een oude bekende;Netherlands;Europe;Europe;74;32;17;49;2.882352941;8;66.21621622;53;13;66;5.076923077;12;89.18918919;70;3;73;24.33333333;50;98.64864865;27;16;43;2.6875;7;58.10810811;2;2;4;2;2;5.405405405
Netherlands;Zonder Filter;Netherlands;Europe;Europe;127;58;27;85;3.148148148;9;66.92913386;109;10;120;12;58;94.48818898;112;7;36;5.142857143;13;28.34645669;53;27;80;2.962962963;9;62.99212598;7;4;11;2.75;4;8.661417323
Sweden;Bamse: världens starkaste björn - Bamse och Ĺrstidsnyckeln;Sweden;Europe;Europe;125;30;19;49;2.578947368;6;39.2;97;20;117;5.85;16;93.6;98;18;116;6.444444444;23;92.8;21;18;39;2.166666667;4;31.2;9;7;16;2.285714286;3;12.8
Sweden;Bamse: världens starkaste björn - Bamse och Farmors Kista;Sweden;Europe;Europe;43;21;8;29;3.625;7;67.44186047;32;6;38;6.333333333;20;88.37209302;29;7;36;5.142857143;12;83.72093023;13;9;22;2.444444444;4;51.1627907;4;3;7;2.333333333;3;16.27906977
Sweden;Bamse: världens starkaste björn - Bamse och Jätten Gorm;Sweden;Europe;Europe;72;20;11;31;2.818181818;8;43.05555556;55;10;65;6.5;18;90.27777778;53;12;65;5.416666667;13;90.27777778;14;9;23;2.555555556;6;31.94444444;1;1;2;2;2;2.777777778
Sweden;Bamse: världens starkaste björn - Bamse och Trollkarlens Smycke;Sweden;Europe;Europe;96;19;14;33;2.357142857;4;34.375;62;16;78;4.875;20;81.25;61;18;79;4.388888889;10;82.29166667;10;9;19;2.111111111;3;19.79166667;15;7;22;3.142857143;7;22.91666667
Sweden;Bamse: världens starkaste björn - Bamse: Sandslottstävlingen;Sweden;Europe;Europe;64;7;6;13;2.166666667;3;20.3125;61;3;64;21.66666667;53;100;40;14;54;3.857142857;8;84.375;5;4;9;2.25;3;14.0625;1;1;2;2;2;3.125
Sweden;Bamse: världens starkaste björn - Den Mystiska Bilen;Sweden;Europe;Europe;56;15;11;26;2.363636364;3;46.42857143;38;9;47;5.222222222;13;83.92857143;41;8;49;6.125;14;87.5;9;7;16;2.285714286;3;28.57142857;7;5;12;2.4;3;21.42857143
Sweden;Bamse: världens starkaste björn - Drullevarg Matar Fĺglarna (fastän han inte vill);Sweden;Europe;Europe;68;29;13;42;3.230769231;7;61.76470588;55;10;65;6.5;26;95.58823529;48;11;59;5.363636364;12;86.76470588;22;11;33;3;5;48.52941176;4;4;8;2;2;11.76470588
Sweden;Bamse: världens starkaste björn - Fixare-sorkarna pĺ Stallstigen;Sweden;Europe;Europe;26;7;5;12;2.4;3;46.15384615;13;7;20;2.857142857;4;76.92307692;19;5;24;4.8;6;92.30769231;4;3;7;2.333333333;3;26.92307692;3;3;6;2;2;23.07692308
Sweden;Bamse: världens starkaste björn - Katten Jansen och Husmusen Hjälper Till;Sweden;Europe;Europe;18;13;3;16;5.333333333;7;88.88888889;17;1;18;18;18;100;16;2;18;9;12;100;12;3;15;5;6;83.33333333;0;0;0;0;0;0
Sweden;Bamse: världens starkaste björn - Krosus Gladland II;Sweden;Europe;Europe;88;24;11;35;3.181818182;7;39.77272727;70;11;81;7.363636364;15;92.04545455;71;10;81;8.1;15;92.04545455;19;8;27;3.375;5;30.68181818;7;4;11;2.75;5;12.5
Sweden;Bamse: världens starkaste björn - Lille Skutt I Fotbolls-VM;Sweden;Europe;Europe;83;13;10;23;2.3;4;27.71084337;79;4;83;20.75;48;100;51;16;67;4.1875;16;80.72289157;8;7;15;2.142857143;3;18.07228916;3;3;4;2;2;4.819277108
Sweden;Bamse: världens starkaste björn - Mini-Hop och Barnvakten;Sweden;Europe;Europe;42;21;8;29;3.625;8;69.04761905;30;10;40;4;7;95.23809524;28;9;37;4.111111111;6;88.0952381;12;9;21;2.333333333;3;50;4;4;8;2;2;19.04761905
Sweden;Bamse: världens starkaste björn - Om Fotboll;Sweden;Europe;Europe;8;0;0;0;0;0;0;3;1;4;4;4;50;1;1;2;2;2;25;0;0;0;0;0;0;4;0;6;6;6;75
Sweden;Bamse: världens starkaste björn - Om Sandslott;Sweden;Europe;Europe;10;1;1;2;2;2;20;8;1;9;9;9;90;4;2;6;3;4;60;1;1;2;2;2;20;1;1;2;2;2;20
Sweden;Bamse: världens starkaste björn - Pellefant: Snöballskriget;Sweden;Europe;Europe;32;7;6;13;2.166666667;3;40.625;23;5;28;5.6;13;87.5;18;5;23;4.6;11;71.875;3;3;6;2;2;18.75;4;2;6;3;4;18.75
Sweden;Bamse: världens starkaste björn - Professor Murmeldjur har Brĺttom;Sweden;Europe;Europe;30;14;5;19;3.8;6;63.33333333;20;7;27;3.857142857;9;90;22;7;29;4.142857143;7;96.66666667;6;5;11;2.2;3;36.66666667;1;1;2;2;2;6.666666667
Sweden;Bamse: världens starkaste björn - Skalman och Mullvalen;Sweden;Europe;Europe;98;19;12;31;2.583333333;6;31.63265306;58;18;76;4.222222222;14;77.55102041;63;17;80;4.705882353;14;81.63265306;14;8;22;2.75;6;22.44897959;21;11;32;2.909090909;7;32.65306122
Sweden;Bamse: världens starkaste björn - Sorktyg i Skogen II;Sweden;Europe;Europe;84;30;15;45;3;7;53.57142857;62;14;76;5.428571429;13;90.47619048;66;14;80;5.714285714;18;95.23809524;25;13;38;2.923076923;7;45.23809524;7;7;14;2;2;16.66666667
Sweden;Bamse: världens starkaste björn - Teddy Blir Detektiv;Sweden;Europe;Europe;107;36;19;55;2.894736842;7;51.40186916;81;19;100;5.263157895;14;93.45794393;70;18;88;4.888888889;15;82.24299065;17;15;32;2.133333333;3;29.90654206;8;8;16;2;2;14.95327103
Sweden;Bamse: världens starkaste björn - Tidsresan: Bamse och de Mystiska Strĺlarna ;Sweden;Europe;Europe;84;18;11;29;2.636363636;5;34.52380952;64;12;76;6.333333333;14;90.47619048;65;14;79;5.642857143;11;94.04761905;12;9;21;2.333333333;3;25;4;3;7;2.333333333;3;8.333333333
Sweden;Bamse: världens starkaste björn - Vargen och Klockkuppen;Sweden;Europe;Europe;94;33;17;50;2.941176471;5;53.19148936;56;20;76;3.8;11;80.85106383;60;14;74;5.285714286;14;78.72340426;21;12;33;2.75;5;35.10638298;17;11;28;2.545454545;4;29.78723404
Sweden;Hälge: Varning för älgskador!;Sweden;Europe;Europe;127;77;32;109;3.40625;7;85.82677165;93;30;123;4.1;16;96.8503937;65;28;93;3.321428571;14;73.22834646;27;21;48;2.285714286;4;37.79527559;15;14;29;2.071428571;3;22.83464567
Sweden;Herman Hedning;Sweden;Europe;Europe;77;39;18;57;3.166666667;7;74.02597403;56;11;67;6.090909091;14;87.01298701;54;10;64;6.4;25;83.11688312;23;13;36;2.769230769;5;46.75324675;4;4;8;2;2;10.38961039
USA;100%;USA;USA;USA;139;44;23;67;2.913043478;10;48.20143885;111;13;124;9.538461538;35;89.20863309;114;14;128;9.142857143;18;92.08633094;32;22;54;2.454545455;5;38.84892086;4;3;7;2.333333333;3;5.035971223
USA;Action Comics - The Menace of Metallo;USA;USA;USA;72;34;16;50;3.125;8;69.44444444;36;17;53;3.117647059;7;73.61111111;43;18;61;3.388888889;13;84.72222222;26;15;41;2.733333333;7;56.94444444;23;16;42;2.470588235;4;58.33333333
USA;Action Comics - The Supergirl from Krypton!;USA;USA;USA;158;76;30;106;3.533333333;9;67.08860759;76;33;109;3.303030303;7;68.98734177;85;32;117;3.65625;13;74.05063291;50;31;81;2.612903226;7;51.26582278;51;28;76;2.814814815;6;48.10126582
USA;Amazing Spider-man - Back in Black;USA;USA;USA;270;99;44;143;3.25;9;52.96296296;188;44;232;5.272727273;23;85.92592593;218;36;254;7.055555556;23;94.07407407;85;39;124;3.179487179;9;45.92592593;37;25;62;2.48;4;22.96296296
USA;Amazing Spider-Man - Shaw's Gambit;USA;USA;USA;212;71;34;105;3.088235294;6;49.52830189;145;39;184;4.717948718;13;86.79245283;174;29;203;7;26;95.75471698;58;35;93;2.657142857;6;43.86792453;30;22;52;2.363636364;4;24.52830189
USA;Andre the Giant: Life and Legend;USA;USA;USA;131;34;20;54;2.7;6;41.22137405;85;17;102;6;18;77.86259542;104;12;116;9.666666667;20;88.54961832;27;18;45;2.5;5;34.35114504;4;4;8;2;2;6.106870229
USA;Arch Enemies One Hero. One Villan. On Apartment;USA;USA;USA;184;62;28;90;3.214285714;8;48.91304348;150;23;173;7.52173913;20;94.02173913;153;23;176;7.652173913;23;95.65217391;46;26;72;2.769230769;5;39.13043478;7;7;14;2;2;7.608695652
USA;Assemby;OEL manga;USA;OEL manga;168;57;28;85;3.035714286;6;50.5952381;83;36;119;3.305555556;7;70.83333333;119;27;146;5.407407407;25;86.9047619;35;20;55;2.75;5;32.73809524;26;18;44;2.444444444;5;26.19047619
USA;B.P.R.D. - The Black Flame;USA;USA;USA;204;45;23;68;2.956521739;9;33.33333333;185;16;201;12.5625;48;98.52941176;179;17;196;11.52941176;41;96.07843137;38;23;61;2.652173913;5;29.90196078;4;4;8;2;2;3.921568627
USA;Batman The Dark Knight - A Rush of Blood;USA;USA;USA;237;96;49;145;2.959183673;10;61.1814346;171;38;209;5.5;16;88.18565401;204;31;235;7.580645161;18;99.15611814;91;47;138;2.936170213;10;58.2278481;23;21;44;2.095238095;3;18.56540084
USA;Batman:The Killing Joke;USA;USA;USA;133;66;26;92;3.538461538;9;69.17293233;110;19;129;6.789473684;20;96.9924812;119;12;131;10.91666667;23;98.4962406;60;26;86;3.307692308;9;64.66165414;9;9;18;2;2;13.53383459
USA;Black Hood - Crime Goes to College;USA;USA;USA;170;53;27;80;2.962962963;9;47.05882353;118;31;149;4.806451613;30;87.64705882;140;20;160;8;29;94.11764706;45;26;71;2.730769231;5;41.76470588;19;14;39;2.4375;4;22.94117647
USA;Black Hood - The Case of the Medical Murderer;USA;USA;USA;122;40;24;64;2.666666667;5;52.45901639;60;26;86;3.307692308;8;70.49180328;72;24;96;4;10;78.68852459;30;24;54;2.25;4;44.26229508;44;24;62;2.818181818;5;50.81967213
USA;Black Panther - Back to Africa: Part one;USA;USA;USA;208;50;32;82;2.5625;6;39.42307692;158;35;193;5.514285714;14;92.78846154;175;27;202;7.481481481;14;97.11538462;48;31;79;2.548387097;6;37.98076923;31;27;58;2.148148148;3;27.88461538
USA;Blankets;USA;USA;USA;128;43;17;60;3.529411765;8;46.875;86;16;102;6.375;19;79.6875;102;19;121;6.368421053;20;94.53125;39;18;57;3.166666667;8;44.53125;9;7;16;2.285714286;4;12.5
USA;Blessed Thistle;USA;USA;USA;218;90;45;135;3;11;61.9266055;182;26;208;8;35;95.41284404;199;15;215;14.33333333;59;98.62385321;77;47;124;2.638297872;5;56.88073394;1;1;2;2;2;0.917431193
USA;Blue Beetle - Joan;USA;USA;USA;42;0;0;0;0;0;0;0;0;0;0;0;0;0;0;0;0;0;0;0;0;0;0;0;0;0;0;0;0;0;0
USA;Blue Beetle - The Man Who Stole 24 Hours;USA;USA;USA;56;13;8;21;2.625;4;37.5;24;10;34;3.4;7;60.71428571;42;11;53;4.818181818;18;94.64285714;8;5;13;2.6;4;23.21428571;12;10;22;2.2;3;39.28571429
USA;Blue Beetle - The Masks of Mystery;USA;USA;USA;56;15;10;25;2.5;4;44.64285714;31;8;39;4.875;9;69.64285714;41;8;49;6.125;23;87.5;8;8;16;2;2;28.57142857;11;6;17;2.833333333;4;30.35714286
USA;Blue Monday;OEL manga;USA;OEL manga;324;130;69;199;2.884057971;9;61.41975309;231;56;287;5.125;11;88.58024691;292;24;317;13.20833333;57;97.83950617;108;62;170;2.741935484;7;52.4691358;10;9;19;2.111111111;3;5.864197531
USA;Boxers;USA;USA;USA;136;14;8;22;2.75;6;16.17647059;94;11;105;9.545454545;28;77.20588235;66;27;93;3.444444444;8;68.38235294;9;5;14;2.8;6;10.29411765;17;13;30;2.307692308;3;22.05882353
USA;Brain Boy - Pirates of the Air;USA;USA;USA;154;48;28;76;2.714285714;12;49.35064935;83;28;111;3.964285714;10;72.07792208;106;24;130;5.416666667;21;84.41558442;34;24;58;2.416666667;4;37.66233766;41;22;63;2.863636364;8;40.90909091
USA;Captain America  - Blood Stone;USA;USA;USA;184;104;19;86;4.777777778;21;46.73913043;133;31;164;5.290322581;17;89.13043478;164;14;178;12.71428571;43;96.73913043;77;29;106;3.655172414;17;57.60869565;15;10;25;2.5;4;13.58695652
USA;Captain America  - U.S. Agent, Siege, Night of the Scourge part one;USA;USA;USA;44;20;10;30;3;5;68.18181818;26;8;34;4.25;8;77.27272727;30;6;36;6;8;81.81818182;16;12;28;2.333333333;3;63.63636364;12;6;18;3;5;40.90909091
USA;Captain Atom - The Gremlins from the Planet Blue;USA;USA;USA;103;23;12;35;2.916666667;12;33.98058252;50;21;71;3.380952381;11;68.93203883;57;20;77;3.85;11;74.75728155;12;7;19;2.714285714;7;18.44660194;35;21;56;2.666666667;6;54.36893204
USA;Captain Marvel Adventures - Capt. Marvel -Out West-;USA;USA;USA;91;30;10;40;4;6;43.95604396;55;15;70;4.666666667;17;76.92307692;85;4;89;22.25;38;97.8021978;20;10;30;3;6;32.96703297;6;5;11;2.2;3;12.08791209
USA;Captain Marvel Adventures - Captain Marvel Battles the Vampire;USA;USA;USA;90;48;21;69;3.285714286;9;76.66666667;64;11;75;6.818181818;23;83.33333333;81;4;85;21.25;32;94.44444444;38;21;59;2.80952381;5;65.55555556;9;5;14;2.8;4;15.55555556
USA;Captain Marvel Adventures - Captain Marvel Vs. Z;USA;USA;USA;96;43;20;63;3.15;7;65.625;57;20;77;3.85;13;80.20833333;85;8;93;11.625;28;96.875;32;19;51;2.684210526;7;53.125;8;7;15;2.142857143;3;15.625
USA;Captain Marvel Adventures - The Monsters of Saturn;USA;USA;USA;105;30;21;51;2.428571429;6;48.57142857;53;16;69;4.3125;11;65.71428571;87;13;100;7.692307692;31;95.23809524;19;14;33;2.357142857;6;31.42857143;15;12;27;2.25;4;25.71428571
USA;"Captain Midnight - ""Secret Sub""";USA;USA;USA;54;10;7;17;2.428571429;3;31.48148148;25;9;34;3.777777778;10;62.96296296;43;7;50;7.142857143;20;92.59259259;6;5;11;2.2;3;20.37037037;10;7;13;2.166666667;3;24.07407407
USA;Captain Midnight - The Murder Trap;USA;USA;USA;110;35;17;52;3.058823529;5;47.27272727;55;23;78;3.391304348;8;70.90909091;90;11;101;9.181818182;33;91.81818182;28;15;43;2.866666667;5;39.09090909;16;10;30;2.727272727;5;27.27272727
USA;Chronicles of the Universe;OEL manga;USA;OEL manga;267;34;20;54;2.7;5;20.2247191;143;39;182;4.666666667;16;68.16479401;180;38;218;5.736842105;18;81.64794007;30;19;49;2.578947368;5;18.35205993;47;30;77;2.566666667;5;28.83895131
USA;Constantine - The Spark and the Flame Part 1: The Price We Pay;USA;USA;USA;148;67;34;101;2.970588235;10;68.24324324;100;25;125;5;27;84.45945946;116;16;132;8.25;26;89.18918919;42;29;71;2.448275862;5;47.97297297;17;12;29;2.416666667;3;19.59459459
USA;Daredevil - Guardian Devil;USA;USA;USA;133;52;25;77;3.08;8;57.89473684;106;16;122;7.625;17;91.72932331;111;15;126;8.4;17;94.73684211;50;23;73;3.173913043;8;54.88721805;19;13;32;2.461538462;4;24.06015038
USA;Daredevil - The Mysterious Masked Matador;USA;USA;USA;260;117;49;166;3.387755102;21;63.84615385;179;37;216;5.837837838;23;83.07692308;204;30;234;7.8;32;90;97;49;146;2.979591837;15;56.15384615;39;23;62;2.695652174;6;23.84615385
USA;Darkness Resurrection;USA;USA;USA;205;79;39;118;3.025641026;9;57.56097561;148;27;175;6.481481481;22;85.36585366;163;21;184;8.761904762;28;89.75609756;54;32;86;2.6875;8;41.95121951;6;5;11;2.2;3;5.365853659
USA;Deadpool - Bullseye part two;USA;USA;USA;93;47;18;65;3.611111111;16;69.89247312;81;11;92;8.363636364;22;98.92473118;85;7;92;13.14285714;26;98.92473118;43;19;62;3.263157895;11;66.66666667;6;5;11;2.2;3;11.82795699
USA;Detective Comics - The Laughing Fish;USA;USA;USA;228;80;35;115;3.285714286;8;50.43859649;180;24;204;8.5;22;89.47368421;191;19;210;11.05263158;25;92.10526316;72;30;102;3.4;8;44.73684211;27;16;43;2.6875;6;18.85964912
USA;DMZ Body of a Journalist;USA;USA;USA;180;47;18;65;3.611111111;10;36.11111111;107;28;135;4.821428571;17;75;144;25;169;6.76;23;93.88888889;38;18;56;3.111111111;6;31.11111111;17;14;31;2.214285714;4;17.22222222
USA;Doll Man - Monster of the Mire;USA;USA;USA;60;27;12;39;3.25;7;65;42;10;52;5.2;16;86.66666667;56;2;58;29;40;96.66666667;24;10;34;3.4;7;56.66666667;3;2;8;2.666666667;4;13.33333333
USA;Doll Man - The Troll;USA;USA;USA;49;29;10;39;3.9;13;79.59183673;31;7;38;5.428571429;20;77.55102041;42;5;47;9.4;25;95.91836735;24;9;33;3.666666667;13;67.34693878;6;5;8;2;2;16.32653061
USA;Fantastic Four - Skyfall;USA;USA;USA;91;34;14;48;3.428571429;13;52.74725275;65;13;78;6;13;85.71428571;76;8;84;10.5;19;92.30769231;33;13;46;3.538461538;13;50.54945055;14;7;21;3;6;23.07692308
USA;Far Arden;USA;USA;USA;118;26;20;46;2.3;3;38.98305085;93;13;106;8.153846154;24;89.83050847;51;28;79;2.821428571;6;66.94915254;9;9;18;2;2;15.25423729;7;6;13;2.166666667;3;11.01694915
USA;Fierce;USA;USA;USA;226;52;27;79;2.925925926;7;34.95575221;139;45;184;4.088888889;10;81.4159292;171;29;200;6.896551724;48;88.49557522;51;26;77;2.961538462;7;34.07079646;46;26;72;2.769230769;7;31.85840708
USA;Gigantor - Heart of Steel, Soul of Iron;OEL manga;USA;OEL manga;175;19;14;33;2.357142857;4;18.85714286;97;39;136;3.487179487;7;77.71428571;114;35;149;4.257142857;15;85.14285714;16;12;28;2.333333333;4;16;34;25;59;2.36;4;33.71428571
USA;Gold Digger;OEL manga;USA;OEL manga;138;24;24;46;2;2;33.33333333;105;18;121;7.117647059;25;87.68115942;125;11;136;12.36363636;28;98.55072464;20;20;40;2;2;28.98550725;6;6;12;2;2;8.695652174
USA;Green Lantern - No evil shall escape my sight;USA;USA;USA;104;28;18;46;2.555555556;5;44.23076923;77;12;89;7.416666667;15;85.57692308;80;13;93;7.153846154;28;89.42307692;19;15;34;2.266666667;4;32.69230769;12;8;20;2.5;4;19.23076923
USA;Green Lantern Corps - Sacrifice of Will;USA;USA;USA;180;20;11;31;2.818181818;5;17.22222222;113;27;140;5.185185185;18;77.77777778;144;21;165;7.857142857;26;91.66666667;18;11;29;2.636363636;5;16.11111111;31;17;48;2.823529412;6;26.66666667
USA;Green Lantern: Rebirth - Rings;USA;USA;USA;260;88;43;131;3.046511628;7;50.38461538;222;27;249;9.222222222;33;95.76923077;231;23;254;11.04347826;33;97.69230769;76;44;120;2.727272727;7;46.15384615;13;12;25;2.083333333;3;9.615384615
USA;Heck;USA;USA;USA;159;32;24;56;2.333333333;4;35.22012579;137;15;152;10.13333333;27;95.59748428;59;39;98;2.512820513;6;61.63522013;13;12;25;2.083333333;3;15.72327044;7;6;13;2.166666667;3;8.176100629
USA;Justice League of America - The Great Identity Crisis!;USA;USA;USA;218;46;32;78;2.4375;5;35.77981651;150;36;186;5.166666667;10;85.32110092;177;31;208;6.709677419;32;95.41284404;38;27;65;2.407407407;5;29.81651376;32;24;56;2.333333333;7;25.68807339
USA;Lady Luck - Charity Ball;USA;USA;USA;52;11;7;18;2.571428571;5;34.61538462;32;12;44;3.666666667;6;84.61538462;43;7;50;7.142857143;19;96.15384615;8;5;13;2.6;5;25;9;8;17;2.125;3;32.69230769
USA;Lady Luck - Pirate Mansion;USA;USA;USA;79;31;15;46;3.066666667;7;58.2278481;42;14;56;4;11;70.88607595;65;9;74;8.222222222;25;93.67088608;21;12;33;2.75;6;41.7721519;12;8;20;2.5;4;25.3164557
USA;Lady Luck - The Count;USA;USA;USA;32;10;6;16;2.666666667;4;50;24;7;31;4.428571429;9;96.875;30;2;32;16;20;100;7;5;12;2.4;3;37.5;1;1;2;2;2;6.25
USA;Lady Luck - The Pyramid Club;USA;USA;USA;58;22;13;35;2.692307692;5;60.34482759;32;13;45;3.461538462;6;77.5862069;41;10;51;5.1;18;87.93103448;19;11;30;2.727272727;4;51.72413793;15;10;25;2.5;4;43.10344828
USA;Lars of Mars -  The Terror Weapon;USA;USA;USA;73;27;15;42;2.8;6;57.53424658;43;13;56;4.307692308;7;76.71232877;66;6;72;12;30;98.63013699;21;11;32;2.909090909;6;43.83561644;3;3;6;2;2;8.219178082
USA;Lars of Mars - The Crucial Game;USA;USA;USA;44;13;8;21;2.625;4;47.72727273;29;12;41;3.416666667;6;93.18181818;30;11;41;3.727272727;7;93.18181818;12;8;20;2.5;4;45.45454545;10;9;19;2.111111111;3;43.18181818
USA;Lars of Mars - The Earthshaker;USA;USA;USA;42;11;7;18;2.571428571;3;42.85714286;24;8;32;4;9;76.19047619;30;6;36;6;13;85.71428571;5;3;8;2.666666667;3;19.04761905;7;5;12;2.4;4;28.57142857
USA;Lars of Mars - The Terror Weapon;USA;USA;USA;73;30;14;44;3.142857143;6;60.2739726;47;12;59;4.916666667;8;80.82191781;53;9;62;6.888888889;15;84.93150685;28;13;41;3.153846154;6;56.16438356;19;9;28;3.111111111;5;38.35616438
USA;Legends From Darkwood;OEL manga;USA;OEL manga;461;110;58;170;2.881355932;15;36.87635575;380;50;433;8.490196078;55;93.92624729;367;48;415;8.645833333;40;90.02169197;74;51;125;2.450980392;9;27.11496746;17;16;33;2.0625;3;7.15835141
USA;Luftmatte 1946;OEL manga;USA;OEL manga;162;39;26;63;2.52;4;38.88888889;94;27;119;4.576923077;11;73.45679012;117;23;140;6.086956522;15;86.41975309;32;21;53;2.523809524;4;32.71604938;31;16;47;2.9375;8;29.01234568
USA;Myth Warriors;OEL manga;USA;OEL manga;148;41;24;65;2.708333333;5;43.91891892;103;25;128;5.12;25;86.48648649;112;22;134;6.090909091;18;90.54054054;36;21;57;2.714285714;5;38.51351351;22;16;38;2.375;5;25.67567568
USA;Nick Fury Agent of S.H.I.E.L.D. - Who is Scorpio;USA;USA;USA;195;53;26;79;3.038461538;8;40.51282051;115;41;156;3.804878049;10;80;158;23;181;7.869565217;32;92.82051282;45;25;70;2.8;5;35.8974359;29;20;49;2.45;4;25.12820513
USA;Ninja High School Hawaii;OEL manga;USA;OEL manga;229;69;35;104;2.971428571;7;45.41484716;181;29;216;7.2;21;94.3231441;202;21;223;10.61904762;29;97.37991266;62;32;94;2.9375;7;41.04803493;10;8;18;2.25;3;7.860262009
USA;NorthWest Passage;USA;USA;USA;91;23;13;36;2.769230769;7;39.56043956;56;16;72;4.5;12;79.12087912;77;13;90;6.923076923;17;98.9010989;16;11;27;2.454545455;3;29.67032967;10;10;20;2;2;21.97802198
USA;Once in a Blue Moon;OEL manga;USA;OEL manga;186;45;31;76;2.451612903;5;40.86021505;150;22;172;7.818181818;16;92.47311828;154;24;178;7.416666667;25;95.69892473;38;27;65;2.407407407;5;34.94623656;7;7;14;2;2;7.52688172
USA;OZ The Manga - Council with the Munchkins;OEL manga;USA;OEL manga;196;57;41;98;2.390243902;4;50;153;32;185;5.78125;37;94.3877551;141;30;171;5.7;16;87.24489796;40;32;72;2.25;4;36.73469388;11;9;20;2.222222222;4;10.20408163
USA;Plastic Man - The Expander Device;USA;USA;USA;96;45;20;65;3.25;9;67.70833333;70;15;85;5.666666667;20;88.54166667;79;11;90;8.181818182;18;93.75;40;20;60;3;9;62.5;12;9;21;2.333333333;4;21.875
USA;Pride and Prejudice;OEL manga;USA;OEL manga;88;16;11;27;2.454545455;5;30.68181818;69;9;78;8.666666667;22;88.63636364;73;15;88;5.866666667;15;100;13;9;22;2.444444444;5;25;7;7;14;2;2;15.90909091
USA;Rising Stars -  Voices of the Dead Bright;USA;USA;USA;185;70;32;102;3.1875;9;55.13513514;133;33;166;5.03030303;15;89.72972973;162;21;183;8.714285714;18;98.91891892;55;30;85;2.833333333;6;45.94594595;9;9;18;2;2;9.72972973
USA;Same Difference;USA;USA;USA;173;59;27;86;3.185185185;9;49.71098266;137;22;159;7.227272727;29;91.90751445;158;12;170;14.16666667;35;98.26589595;54;25;79;3.16;9;45.66473988;4;4;8;2;2;4.624277457
USA;Savage Dragon - The End;USA;USA;USA;228;56;34;90;2.647058824;6;39.47368421;160;34;194;5.705882353;17;85.0877193;193;28;222;7.928571429;73;97.36842105;48;30;78;2.6;6;34.21052632;16;14;30;2.142857143;3;13.15789474
USA;Scott Pilgrim vs. The World;OEL manga;USA;OEL manga;176;31;22;53;2.409090909;4;30.11363636;132;33;165;5;10;93.75;153;21;175;8.333333333;62;99.43181818;27;21;48;2.285714286;4;27.27272727;17;15;32;2.133333333;3;18.18181818
USA;Set to Sea;USA;USA;USA;134;36;14;50;3.571428571;13;37.31343284;69;23;92;4;14;68.65671642;118;9;128;14.22222222;57;95.52238806;26;13;39;3;7;29.10447761;10;5;15;3;5;11.19402985
USA;Shackleton Antarctic Odyssey;USA;USA;USA;142;28;15;43;2.866666667;6;30.28169014;82;22;104;4.727272727;13;73.23943662;53;25;78;3.12;10;54.92957746;7;6;13;2.166666667;3;9.154929577;28;19;47;2.473684211;5;33.09859155
USA;Star Wars Empire;USA;USA;USA;192;24;16;40;2.5;4;20.83333333;145;19;164;8.631578947;22;85.41666667;154;31;185;5.967741935;20;96.35416667;20;13;33;2.538461538;4;17.1875;18;12;30;2.5;5;15.625
USA;Street Fighter Classic;OEL manga;USA;OEL manga;152;74;25;99;3.96;12;65.13157895;137;14;151;10.78571429;33;99.34210526;129;15;144;9.6;38;94.73684211;67;24;91;3.791666667;12;59.86842105;7;6;13;2.166666667;3;8.552631579
USA;Sumo;USA;USA;USA;119;40;16;56;3.5;9;47.05882353;106;5;112;22.4;66;94.11764706;90;14;104;7.428571429;33;87.39495798;25;13;38;2.923076923;6;31.93277311;3;3;6;2;2;5.042016807
USA;Superman Batman Absolute Power - Absolute Power;USA;USA;USA;142;39;17;56;3.294117647;10;39.43661972;76;23;99;4.304347826;19;69.71830986;112;20;132;6.6;35;92.95774648;37;15;52;3.466666667;10;36.61971831;20;19;39;2.052631579;3;27.46478873
USA;The Agents;OEL manga;USA;OEL manga;254;61;39;100;2.564102564;9;39.37007874;131;37;168;4.540540541;15;66.14173228;179;36;215;5.972222222;21;84.64566929;47;37;84;2.27027027;4;33.07086614;58;25;85;3.269230769;11;33.46456693
USA;The Avengers - The Wrath of the Weathermen;USA;USA;USA;111;26;14;40;2.857142857;6;36.03603604;70;17;87;5.117647059;22;78.37837838;81;16;97;6.0625;16;87.38738739;21;12;33;2.75;5;29.72972973;27;14;41;2.928571429;7;36.93693694
USA;The Blue Beetle - The MadMen;USA;USA;USA;125;47;29;76;2.620689655;8;60.8;75;22;97;4.409090909;22;77.6;87;23;110;4.782608696;22;88;38;25;63;2.52;8;50.4;34;23;57;2.47826087;5;45.6
USA;The Flame - Dr. Ivan's Insurance Bombing Racket.;USA;USA;USA;292;136;60;196;3.266666667;8;67.12328767;142;52;194;3.730769231;12;66.43835616;238;33;271;8.212121212;40;92.80821918;78;43;121;2.813953488;8;41.43835616;37;28;65;2.321428571;4;22.26027397
USA;The Flash - Flashing Wheels;USA;USA;USA;71;29;14;43;3.071428571;6;60.56338028;44;11;55;5;13;77.46478873;46;12;58;4.833333333;10;81.69014085;19;12;31;2.583333333;6;43.66197183;13;8;21;2.625;5;29.57746479
USA;The Incredible Hulk - Best Intentions;USA;USA;USA;110;27;17;44;2.588235294;4;40;85;17;102;6;16;92.72727273;92;13;105;8.076923077;24;95.45454545;26;16;42;2.625;4;38.18181818;16;12;28;2.333333333;3;25.45454545
USA;The Invincible Iron Man - Ten Rings to Rule the World;USA;USA;USA;87;31;19;50;2.631578947;5;57.47126437;69;12;81;6.75;23;93.10344828;72;10;82;8.2;24;94.25287356;29;18;47;2.611111111;5;54.02298851;11;8;19;2.375;3;21.83908046
USA;The Punisher - Blackout;USA;USA;USA;297;105;50;155;3.1;7;52.18855219;201;52;253;4.865384615;25;85.18518519;251;37;288;7.783783784;26;96.96969697;93;50;143;2.86;7;48.14814815;32;26;56;2.24;3;18.85521886
USA;The Punisher - Do Not Fall in New York City;USA;USA;USA;160;26;14;40;2.857142857;5;25;121;14;135;9.642857143;32;84.375;145;14;159;11.35714286;32;99.375;24;12;36;3;5;22.5;12;12;24;2;2;15
USA;The Story of Roberto Clemente;USA;USA;USA;141;31;14;45;3.214285714;11;31.91489362;115;15;130;8.666666667;19;92.19858156;118;13;131;10.07692308;31;92.90780142;21;11;32;2.909090909;7;22.69503546;9;6;15;2.5;5;10.63829787
USA;Tokyo Knights;OEL manga;USA;OEL manga;152;49;18;67;3.722222222;11;44.07894737;117;20;137;6.85;27;90.13157895;108;28;136;4.857142857;15;89.47368421;36;17;53;3.117647059;8;34.86842105;11;10;21;2.1;3;13.81578947
USA;Twilight X;OEL manga;USA;OEL manga;160;64;29;93;3.206896552;9;58.125;101;33;128;4;9;80;130;18;148;8.222222222;23;92.5;45;28;73;2.607142857;6;45.625;16;11;27;2.454545455;4;16.875
USA;Uncanny X-men;USA;USA;USA;300;47;31;78;2.516129032;4;26;247;34;281;8.264705882;32;93.66666667;268;20;290;14.5;71;96.66666667;46;30;76;2.533333333;4;25.33333333;21;13;34;2.615384615;4;11.33333333
USA;Venom: Funeral Pyre - High Tension;USA;USA;USA;95;33;18;51;2.833333333;10;53.68421053;61;12;73;6.083333333;23;76.84210526;75;9;84;9.333333333;29;88.42105263;24;19;43;2.263157895;4;45.26315789;17;8;25;3.125;8;26.31578947
USA;Wolverine - Not dead yet part;USA;USA;USA;156;76;32;108;3.375;7;69.23076923;130;14;144;10.28571429;20;92.30769231;136;14;150;10.71428571;20;96.15384615;70;34;104;3.058823529;6;66.66666667;12;8;20;2.5;3;12.82051282
USA;Wonder Woman - His Name is Psycho;USA;USA;USA;136;40;19;59;3.105263158;10;43.38235294;90;24;114;4.75;18;83.82352941;105;15;120;8;25;88.23529412;33;16;49;3.0625;10;36.02941176;22;14;36;2.571428571;4;26.47058824
USA;Wonder Woman - The Huntress;USA;USA;USA;106;50;22;72;3.272727273;10;67.9245283;89;12;101;8.416666667;18;95.28301887;94;10;104;10.4;19;98.11320755;48;24;72;3;5;67.9245283;12;10;22;2.2;3;20.75471698
